Id,Name
0,Arleyne Dasteel
1,Carol Hamburger
2,Theressa Reni
3,Joana Joerg
4,Camella Gilda
5,Sephira Trisa
6,Etheline Wiese
7,Mora Chak
8,Carmella Soinski
9,Scarlet Mihe
10,Herta Quartet
11,Brittan Farah
12,Heda Renee
13,Guenna Soph
14,Erika Teena
15,Flossi Cilo
16,Kathryn Cecelia
17,Dedie Inkster
18,Lynnea Sherborn
19,Moria Kennet
20,Nikkie Offen
21,Josephine Agretha
22,Lucia Brynna
23,Anne-Marie Roland
24,Shayla Kapoor
25,Daune Giselle
26,Violet Davita
27,Paulina Leclair
28,Nana Weslee
29,Gabriella Borries
30,Eden Stead
31,Lacy Wilbert
32,Belva Cedar
33,Jeri Vizzone
34,Lianne Zebulen
35,Shawna Tiana
36,Rosalind Bayard
37,Nerita Christie
38,Juline Zelda
39,Gaby Mirabelle
40,Corene Kristopher
41,Felecia Scarlett
42,Franciska Hearn
43,Aline Eradis
44,Siusan Burger
45,Georgina Artus
46,Kalli Vogel
47,Shae Virgie
48,Marena Benco
49,Dehlia Marlea
50,Arden Quickman
51,Malissia Lathrope
52,Janot Paquito
53,Olivia Gamin
54,Cookie Stacee
55,Henriette Peatroy
56,Sheila Hiltner
57,Lynnelle Aimo
58,Frieda Yann
59,Babbie Ruphina
60,Remy Lunseth
61,Moria Goines
62,Asia Casilda
63,Lilias Suanne
64,Lynne Kopple
65,Fan Rhody
66,Ginelle Fidelia
67,Ulrikaumeko Angeline
68,Deeyn Millian
69,Leanora Benedic
70,Jerrilyn MacCarthy
71,Cristine Salina
72,Edythe Rambert
73,Jacquette Engedi
74,Glenda Econah
75,Catharina Raymond
76,Leona Dragelin
77,Kristel Esther
78,Minnie Whiney
79,Livvyy Jaye
80,Sephira Lowenstein
81,Denys Ingrim
82,Caty Willdon
83,Grethel Hodgson
84,Denna Dearr
85,Belinda Hayley
86,Rhianna Nahshu
87,Margette Thurmond
88,Nat Kara
89,Dolorita Eadwine
90,Aurea Trenton
91,Adora Wurster
92,Fernandina Barbour
93,Lorri Rosa
94,Babs Vivi
95,Cristina Hildagarde
96,Becka Marietta
97,Francine Dacy
98,Julissa Loredo
99,Inesita Lenka
100,Belinda Larry
101,Anastassia Verile
102,Ermengarde Pappas
103,Ursulina Algy
104,Shayla Chasse
105,Babara Karee
106,Retha Winograd
107,Stormie Shaughnessy
108,Clotilda Prochora
109,Valencia Rothberg
110,Brietta Caddaric
111,Ailey Arabel
112,Robinia Adamo
113,Jeana Robbi
114,Veda Aurie
115,Wanda Kristyn
116,Reyna Clarise
117,Honor Comyns
118,Matilda Eduardo
119,Kissiah Fortune
120,Genia Savell
121,Cory Ribble
122,Teodora Marr
123,Odelia Aleck
124,Leonore Pooh
125,Jacklin Deste
126,Gertie Rochus
127,Pamella Nahshunn
128,Karin Linnie
129,Jerrilee Donough
130,Florie Silma
131,Georgeanne Wivina
132,Sheena Fulcher
133,Orelie Antonella
134,Marcy Woolley
135,Lauraine Parker
136,Lillian Wivinia
137,Aundrea Eleni
138,Ilise Swithbart
139,Gerrilee Borer
140,Lenee Baptist
141,Martina Lang
142,Cindee Kelula
143,Minni Spearing
144,Celina Archie
145,Alicia Kunz
146,Brigid Kumagai
147,Susy Goltz
148,Kayla Taro
149,Lissi Tare
150,Anni Iseabal
151,Otha Jamil
152,Helaina Brendin
153,Elmira Jaynell
154,Eulalie Iline
155,Aubree Hultgren
156,Janel Lou
157,Mellisa Kore
158,Leila Malcah
159,Sonya Augie
160,Bria Nadler
161,Hermine Zitah
162,Brittne Breskin
163,Esma Uird
164,Zahara Yelmene
165,Lavina Zarger
166,Cilka Warga
167,Lorilee Cleon
168,Lorianne Woolley
169,Drusie Ploch
170,Kyla Araminta
171,Evania Gregg
172,Pat Weidman
173,Drucy Boyd
174,Othilia Verla
175,Moll Premer
176,Peggi Clayberg
177,Elvera Kantor
178,Sela Chrysa
179,Nissa Skipper
180,Rebeca Ryann
181,Horatia Polash
182,Danyette Freyah
183,Valerie Daria
184,Sacha Keen
185,Giuditta Boyer
186,Juliet Hartzell
187,Cleopatra Phillane
188,Mureil Summers
189,Gena Roselyn
190,Guglielma Faucher
191,Cybil Iila
192,Patti Gilboa
193,Fallon Hermy
194,Adrea Don
195,Charleen Rabbi
196,Yolanthe Alguire
197,Camila Barta
198,Dorolisa Jeff
199,Christy Chaffinch
200,Konstance Lorry
201,Frayda Felicdad
202,Etta Marentic
203,Meade Sackey
204,Persis Reba
205,Renee Ollie
206,Steffane Thompson
207,Ardys Guy
208,Lisbeth Ardel
209,Bethany Baptlsta
210,Lynelle Willner
211,Kathryn Gaige
212,Tanya Maximilien
213,Jeni Kemme
214,Hildy Seldon
215,Ginnie Murtagh
216,Anatola Trellas
217,Kellsie Willtrude
218,Antonetta Magen
219,Charyl Bulley
220,Harrie Jezabella
221,Fredelia Chita
222,Michaelina Nuncia
223,Janis Mackenzie
224,Delinda Servais
225,Christel Pallua
226,Gisela Mame
227,Melisa Hanleigh
228,Gipsy Fondea
229,Henrietta Oniskey
230,Tawsha Miltie
231,Valery Brittne
232,Brynne Aloin
233,Shelly Halfon
234,Alfi Layne
235,Alina Norvin
236,Emelina Esten
237,Dinnie Gavra
238,Gabbey Ireland
239,Koral Atkins
240,Leona Dorran
241,Janean Alexa
242,Alice Marni
243,Cristy Hernando
244,Lelia Sidon
245,Sarene Simona
246,Jacqui Maxima
247,Noellyn Phillane
248,Trixie Gloria
249,Jacquette Izy
250,Cherry Studnia
251,Marthe Malonis
252,Ceciley Okechuku
253,Penni Friedrich
254,Tricia Oatis
255,Vivi Cher
256,Sheila-Kathryn Mikiso
257,Tobye Tompkins
258,Wanda Anne-Corinne
259,Lorry Sanborn
260,Trixie Tri
261,Dulce Keri
262,Kacey Melburn
263,Anestassia Daigle
264,Rhona Annmarie
265,Lila Anett
266,Ashla Leotie
267,Annabell Brenda
268,Margaux Kazmirci
269,Nonie Saree
270,Carlynn Amsden
271,Analiese Russom
272,Marlene Birdella
273,Elke Lisetta
274,Tova Nevin
275,Ronni Nelle
276,Jourdan Chariot
277,Loralee Ardolino
278,Happy Gaiser
279,Jolene Creighton
280,Patricia Hance
281,Gertrud Nobell
282,Sharlene Lemcke
283,Carina Menard
284,Dayle Nikos
285,Tildy Teague
286,Francoise Virgie
287,Marieann Carvey
288,Maurene Cavan
289,Aimil Bartel
290,Demetris Lancelle
291,Reina Klein
292,Joann Merideth
293,Elena Holleran
294,Robyn Sawyor
295,Celestia Mode
296,Lynnea Venator
297,Chad Isacco
298,Liv Awad
299,Cathy Lindell
300,Eddy Hedgcock
301,Cordie Graybill
302,Reggie Bancroft
303,Janela Skier
304,Wilhelmina Favianus
305,Rozanna Enrika
306,Carmelita Luthanen
307,Mellie Otilia
308,Roxy Davison
309,Clarette Kryska
310,Dacia Bobette
311,Selene Wadell
312,Goldi Rydder
313,Randy Quin
314,Nancy Stu
315,Lanni Lynett
316,Rozella Martel
317,Harriot Anatollo
318,Suzi Neom
319,Marya Sabino
320,Alameda Vasti
321,Lida Myles
322,Chrissy Hutton
323,Luz Janice
324,Jillie Allyson
325,Carissa Annabella
326,Wally Kaz
327,Krystle Siana
328,Jenilee Katusha
329,Teena Obla
330,Gill Kissie
331,Charmaine Wrightson
332,Carlen Ebneter
333,Morganica Imtiaz
334,Esta Sik
335,Lillian Amatruda
336,Alvinia Dana
337,Jemmy Condon
338,Amalea Kinchen
339,Jodi Salvidor
340,Cloris Rai
341,Florida Zumstein
342,Cora Blunt
343,Ariela Biddy
344,Bibi Mychael
345,Annalee Gillan
346,Dorris Wirth
347,Adan Reviere
348,Christie Corso
349,Deanne Aubree
350,Nedda Singleton
351,Bryn Mond
352,Jessika Pasco
353,Lorilee Kinson
354,Jaime Mandler
355,Joby Alek
356,Lark Melinda
357,Annabel Brosy
358,Teddie Hasty
359,Rhianna Presley
360,Enrika Cowey
361,Yoshiko Yasmeen
362,Katinka Kopaz
363,Jany Shaikh
364,Courtenay Franzoni
365,Harmonia Komarek
366,Martica Rothschild
367,Marina Pegasus
368,Nikkie Drain
369,Maggee Erbes
370,Corina Kristoffer
371,Kathi Cully
372,Sophia Olatha
373,Daryn Ferrigno
374,Meridith Katherina
375,Jaclin Jone
376,Aveline Richer
377,Ingeberg Teage
378,Ranee Delmar
379,Leann Oulman
380,Hana Virginia
381,Shell Faythe
382,Roby Sheree
383,Ronni Stannfield
384,Wenona Sieber
385,Marne Heeley
386,Michaela Hedveh
387,Opal Beall
388,Sheri Dagall
389,Karry Zerline
390,Giuditta Thaddus
391,Claudine Bernetta
392,Devi Nicholson
393,Maddy Gusella
394,Ardith Meriel
395,Sindee Monk
396,Georgeanne Frans
397,Nance Amersham
398,Ingrid Toogood
399,Layney Amberly
400,Jemimah Em
401,Brena Fidelia
402,Hestia Friedrich
403,Ki Hinkel
404,Stacey Joao
405,Rozalin Herb
406,Rosmunda Haimes
407,Merrielle Rufina
408,Lisabeth Manon
409,Cristi Heiner
410,Luisa Korella
411,Dedra Moriyama
412,Marlane Benilda
413,Kelly Olia
414,June Aria
415,Letisha Finnigan
416,Veronike Gorski
417,May Albertson
418,Inesita Ethelstan
419,Godiva Bobbe
420,Holly Treharne
421,Bethena Ryun
422,Kimberly Brittain
423,Lisette Hazaki
424,Lorenza Tam
425,Charlot Kilah
426,Roberta Morganica
427,Lavina Mathian
428,Gena Hoxie
429,Maryjane Afrika
430,Raven Joete
431,Liana Dori
432,Camel Dionis
433,Ali Latimer
434,Maressa Celestine
435,Annissa Fernandina
436,Orelee Mylo
437,Neala Geraldina
438,Antonietta Bergwall
439,Elvira Osithe
440,Natassia Lunneta
441,Dulsea Barncard
442,Rebecka Agle
443,Sharl Erida
444,Clarabelle Gretta
445,Alberta Hall
446,Elbertine Lauzon
447,Cristal Andriana
448,Julee Bithia
449,Genevra Edgerton
450,Gianina Tigges
451,Gillan Spearing
452,Kimmie Gibbon
453,Damara Fellner
454,Nonna Carlyn
455,Theressa Auberbach
456,Courtnay Trace
457,Ardra Saxon
458,Diann Rayna
459,Kathie Richman
460,Philomena Priebe
461,Tori Ferguson
462,Steffie Cheria
463,Roxanne Angelis
464,Melli Buehler
465,Paulie Roberts
466,Adina Fisk
467,Selma Schwinn
468,Alie Aubrie
469,Modestine Papotto
470,Kinna Blunt
471,Theresa Idel
472,Eydie Gibbeon
473,Brigitta Frida
474,Emilie Barrus
475,Stacie Vogel
476,Maggi Marguerita
477,Shelby Honorine
478,Kassia Templa
479,Dana Pardo
480,Clarice Chapnick
481,Florida Starr
482,Mirelle Ransome
483,Sharron Vedi
484,Kalindi Letta
485,Auberta Hisbe
486,Fleur Gibbie
487,Laraine Sharyl
488,Daphene Thain
489,Ruthanne Mell
490,Kayla Ave
491,Valencia Alves
492,Francoise Edmondo
493,Lurline Hallock
494,Donny Machute
495,Ethelyn Polloch
496,Ellynn Cyrille
497,Dacey Kwan
498,Gretel Remus
499,Aindrea Bentley
500,Rhody Ophelia
501,Donnamarie Rask
502,Denny Cornwall
503,Vivyanne Fulviah
504,Cally Jonette
505,Babara Bud
506,Jillene Rabkin
507,Danella Noell
508,Winna Nyssa
509,Sianna Florella
510,Kevyn Loy
511,Celestyna Hutson
512,Vittoria Arakawa
513,Tonia Nettle
514,Maurene Sunil
515,Shirline Mayes
516,Dodie Marika
517,Nanine Krenn
518,Haley Croix
519,Damara Ackler
520,Kathryne Bergess
521,Rana Marteena
522,Brandie Pulcheria
523,Essy Lasley
524,Daryn Thacker
525,Libbi Hollander
526,Leona Masera
527,Sibby Arden
528,Ranna Sturdivant
529,Beverlie Darrin
530,Gilli Margareta
531,Neila Sokul
532,Oralee Korff
533,Oralee Daffi
534,Marin Hultin
535,Josy Sunderland
536,Alison Silber
537,Dianemarie Wicks
538,Veronica Stevenson
539,Ann Lemal
540,Sena Oates
541,Harriott Lenox
542,Mariette Levana
543,Trista Deering
544,Clementine Dustan
545,Bev Ellett
546,Janeczka Colp
547,Mikaela Rolfston
548,Elene Orvan
549,Ansley Aldred
550,Noreen Geilich
551,Kandy Judenberg
552,Giselle Rasure
553,Mirna Sauers
554,Zondra Heloise
555,Corrianne Vescuso
556,Moina Cleodell
557,Kyle Guria
558,Alfreda Leonore
559,Blair Pugh
560,Ema Appolonia
561,Dagmar Kosaka
562,Kizzee Jamnis
563,Harlie Brock
564,Estell Enriqueta
565,Marcia Steck
566,Ansley Bethezel
567,Lucille Aiken
568,Babs Ferdinanda
569,Merline Spratt
570,Karly Mylor
571,Xaviera Pirri
572,Gretel Norris
573,Carlin Reg
574,Cyndi Varrian
575,Una Bevan
576,Cristie Trimble
577,Lyndsie Apostles
578,Jeri Hoover
579,Noelle Dianthe
580,Shaylynn Nena
581,Mattie Oswell
582,Caren Albina
583,Nert Turmel
584,Leonie Dinesh
585,Fleurette Nadeau
586,Bill Barbe
587,Myrlene Casilde
588,Sandi Benis
589,Lilah Nefen
590,Ronna Muir
591,Elka Essam
592,Joyce Ireland
593,Moll Mehala
594,Augustina Vachil
595,Dyann Ddene
596,Louella Janella
597,Kassandra Yoo
598,Lucinda Nathalie
599,Rebecka Yun
600,Helyn Brost
601,Geneva Acie
602,Agnella Orin
603,Rodina Aleda
604,Oneida Brower
605,Katharine Lustig
606,Grissel Tammi
607,Maddi Roderic
608,Eran Rothmuller
609,Corie Rozanna
610,Sindee Michaelina
611,Agnella Newbold
612,Feodora Hueston
613,Nelli Taima
614,Clare Wait
615,Karmen Cordier
616,Cristi Gris
617,Denni Ludovico
618,Sallee Eloisa
619,Petra Ashbey
620,Kaylil Grussing
621,Sue Goulden
622,Cornelle Bram
623,Blanche Chickie
624,Fiann Conlon
625,Oralla Stempien
626,Tommi Scarrow
627,Gloriane Chinua
628,Trudy Husain
629,Carma Devonne
630,Francesca Hills
631,Daveen Pasadis
632,Rebecca Zoie
633,Ernestine Cassandre
634,Inesita Gone
635,Roch Breen
636,Yovonnda Hertzog
637,Nyssa Wyne
638,Pansie Shipley
639,Alena Camey
640,Maria Dennie
641,Lurleen Atwater
642,Audre Isaacs
643,Christin Warms
644,Morna Athalee
645,Jade Melony
646,Kalli Ferdy
647,Abra Dygert
648,Fanchon Tabbie
649,Lusa Iorgos
650,Mira Blane
651,Tillie Bela
652,Emiline Publias
653,Jaine Fanchan
654,Jeralee Ramos
655,Hollie Vivi
656,Greta Susie
657,Lorry Eaton
658,Carie Adelina
659,Francene Hollinger
660,Eadie Zarla
661,Gabriella Danzig
662,Pearla Breed
663,Domini Hackett
664,Melisenda Tidwell
665,Maybelle Chastain
666,Tallulah Minnie
667,Eba Filipe
668,Guinna Shelia
669,Ethelin George
670,Trudy Loggia
671,Elsa Zeiger
672,Katy Morrissey
673,Tarah Gunthar
674,Kira Bricker
675,Jacquette Edmondo
676,Madelle Fulmer
677,Galina Doane
678,Olympia Koser
679,Misha Misty
680,Felice Judye
681,Kally Farmer
682,Modesty Thorr
683,Adrea Sell
684,Carri Sluiter
685,Celestina Affrica
686,Melisande Carlyle
687,Brittaney Ann-Marie
688,Raina Zebe
689,Ailey Plafker
690,Adara Michaeline
691,Kizzie Elazaro
692,Agnella Henghold
693,Tabbie Gittel
694,Lina Kym
695,Cornelle Marianna
696,Christalle Daven
697,Michell Press
698,Bonnibelle Yuille
699,Ileane Blen
700,Bonnee Leod
701,Margareta Storm
702,Robbi Nappie
703,Joelie Rooker
704,Lib Kalikow
705,Rozanne Brie
706,Juliane Lumbard
707,Tierney Jemmie
708,Alisa Chemosh
709,Penny Kalinda
710,Cathleen Esta
711,Christy Greenleaf
712,Julianna Henden
713,Lacee Yorker
714,Stacy Marchese
715,Biddy Mozelle
716,Fernande Jallier
717,Cami Leavy
718,Iona Fabozzi
719,Kala Malamut
720,Harli Bik
721,Lorelei Gabbert
722,Gayle Bevis
723,Ardith Alessandro
724,Iolande Jaquelyn
725,Fiann Other
726,Lise Agan
727,Raye Macknair
728,Dinny Gasser
729,Fanny Hola
730,Nalani Othilia
731,Addia Ledda
732,Dianne Towne
733,Vannie Donelle
734,Vivien Leggat
735,Binnie Skiest
736,Elissa Reitman
737,Dyanna Bolt
738,Emmeline Renard
739,Janessa Mohamed
740,Jere Elbert
741,Annmarie Erich
742,Patience Eudoxia
743,Carlee Byers
744,Silvana Sharpe
745,Clair Venetia
746,Bettina Belldame
747,Cassie Jezreel
748,Karyl Sophy
749,Heidi Sessler
750,Candide Milburn
751,Harley Orella
752,Angelle Thayne
753,Dot Elroy
754,Lurleen Llovera
755,Jannelle Othilia
756,Corissa Zacek
757,Jacqueline Libre
758,Carmita Jeannine
759,Blythe Kirwin
760,Revkah Veronique
761,Vally Desai
762,Bessie Lash
763,Carmella Gotcher
764,Erda Kiki
765,Dorree Dicks
766,Dulciana Ditter
767,Britni Hippel
768,Genevra Rozalin
769,Giralda Gignac
770,Jody Bak
771,Channa Ezmeralda
772,Jobyna Jeanne
773,Kaylee Burkley
774,Nessi Haas
775,Jasmine Lucila
776,Pam Hau
777,Paulie Custer
778,Etheline Taffy
779,Jaymee Caddric
780,Astrid Ehman
781,Nonah Irena
782,Cindee Sherwin
783,Ree Boot
784,Rorie Rupert
785,Gustie Turino
786,Zia Nadya
787,Elga Canfield
788,Becki Hamachi
789,Camilla Marcelle
790,Petrina Boniface
791,Sileas Nine
792,Leonanie Susi
793,Dulciana Sieber
794,Shirlene Schacker
795,Maddy Gretta
796,Mommy Rafaela
797,Aida Delano
798,Valerie Bordy
799,Geri Blithe
800,Dredi Tavey
801,Raf Kirsti
802,Jobey Tocci
803,Ricki Danni
804,Annadiana Cherye
805,Melba Kira
806,Georgeta Ervin
807,Kathrine Cavan
808,Kynthia Brick
809,Muffin Jarv
810,Devonne Keenan
811,Darda Sibeal
812,Ruthy Dibri
813,Miguela Haggerty
814,Wilma Gaskins
815,Riva Cassy
816,Lenette Stevy
817,Maryanne Morry
818,Dorice Kraska
819,Ira Loree
820,Rhiamon Parks
821,Averil Darmit
822,Eirena Lamoureux
823,Blinny Kartis
824,Collete Serica
825,Mathilda Palermo
826,Marla Graff
827,Miguelita Jenkel
828,Cathe Doralyn
829,Georgeanne Arvy
830,Judy Zsa Zsa
831,Lezlie Fredrick
832,Ingeberg Behah
833,Agnella Rosalynd
834,Clotilda Caputo
835,Fredelia Rusticus
836,Dorrie Lenssen
837,Inga Sonnie
838,Sadella Nappy
839,Annecorinne Zeidman
840,Gerry Homovec
841,Sherilyn Lara
842,Joceline Davenport
843,Magda Haase
844,Rebeka Ribal
845,Haley Woods
846,Tessi Hike
847,Dione Wie
848,Karlee Artur
849,Glory Kowtko
850,Eda Viviana
851,Imogene Tuesday
852,Kailey Roxie
853,Daisi Coshow
854,Corrine Marsh
855,Florie Ennis
856,Dorie Heffron
857,Ilsa Donald
858,Kristen Norita
859,Koralle Chansoo
860,Carmelia Yank
861,Krystalle Clare
862,Aurelea Beaston
863,Mella Harelda
864,Arleta Torre
865,Jobie Alphonsine
866,Tracie Steinman
867,Glori Mattox
868,Kat Wilkinson
869,Lotty Lockhart
870,Angie Gelya
871,Koo Aland
872,Stacey Oler
873,Dulcie Iene
874,Albertina Loraine
875,Lyndy Demott
876,Lorne Valoniah
877,Berny Catlee
878,Jere Larry
879,Georgia Corrinne
880,Consolata Mintz
881,Tonye Ingmar
882,Luci Franciskus
883,Kora Dorina
884,Cristie Nyssa
885,Olenka Hubble
886,Abagail Cychosz
887,Winnifred Gladine
888,Zonda Hesketh
889,Illa Marshal
890,Renie Samanthia
891,Nell Adore
892,Maurise Portugal
893,Peria Season
894,Veronica Cai
895,Suzanna Erl
896,Rubina Greenman
897,Caroline Lucas
898,Ailyn Tremann
899,Harriett Finzer
900,Alidia Fachini
901,Marys Cochard
902,Karoly Lani
903,Malva Cathlene
904,Dulcinea Renner
905,Tate Adolphus
906,Kassey Burrow
907,Amelina Cychosz
908,Elana Rizzo
909,Aloise Levesque
910,Gerda Panayiotis
911,Larine Radburn
912,Collen Ivette
913,Linea Evania
914,Sibella Dudley
915,Dayle Mallin
916,Gnni Lipson
917,Ginnifer Mecke
918,Kendre Hightower
919,Rosalynd Rainwater
920,Zilvia Kessiah
921,Franciska Elfie
922,Marilee Beauregard
923,Barb Miguel
924,Ardenia David
925,Lisetta Maddie
926,Anthiathia Placia
927,Gwyn Zaneta
928,Danette Huan
929,Sharyl Joyce
930,Sherrie Spoor
931,Conny Hindu
932,Aloise Maeve
933,Kelsy Gosser
934,Candie Tjaden
935,Ameline Karin
936,Luci Tally
937,Laraine Luci
938,Pearle Calisa
939,Peggie Landsman
940,Flora Hoashis
941,Ottilie Oralia
942,Pauline Gay
943,Gill Erbes
944,Ernaline Jamieson
945,Reeva Angelique
946,Willabella Belden
947,Kris Huxham
948,Else Mayes
949,Tera MacLaine
950,Addy Didi
951,Frederica Gensler
952,Reina Kirven
953,Elysia Theressa
954,Janifer Wheaton
955,Justina Dietz
956,Christabel Calva
957,Ursola Edea
958,Catarina Harilda
959,Corissa Jeni
960,Kassandra Palladin
961,Astra Darell
962,Jennifer Khudari
963,Mariette Sallyann
964,Anya Jovita
965,Linnell Lansing
966,Leoline Chaddy
967,Evonne Okajima
968,Shandeigh Isabel
969,Sada Prima
970,Letizia Sheley
971,Farah Lucie
972,Lacie Bellina
973,Nicolette Dena
974,Wilona Busby
975,Daisey Frere
976,Ardelle Singer
977,Aurelea Aimo
978,Kathleen Kreitman
979,Britte Boone
980,Delora Cotter
981,Claretta Frayda
982,Genevra Monetta
983,Yolanda Galitea
984,Tobey Aurelia
985,Jeannine Yeta
986,Esma Zenia
987,Nolie Caylor
988,Aurora Kneeland
989,Maurene Marilyn
990,Jorey Sherburn
991,Cyndie Amice
992,Celine Mandie
993,Rori Michelina
994,Rheba Daniala
995,Nelly Cogswell
996,Lani Ilan
997,Harriet Thomas
998,Gunilla Brower
999,Rozanna Gagne
1000,Deanna Ardene
1001,Hyacinthe Ginsberg
1002,Drucy Hays
1003,Ara Locke
1004,Ianthe Nelly
1005,Elysee Staffan
1006,Melli Corabel
1007,Star Docila
1008,Tally Angell
1009,Selinda Emelin
1010,Winnifred Shir
1011,Elga Craddock
1012,Tedda Runck
1013,Elisabeth Tabor
1014,Neysa Dong
1015,Jessamine Lorenzana
1016,Lura Ari
1017,Shelli Lorna
1018,Olivia Kele
1019,Bree Holbrook
1020,Romonda Mika
1021,Daryl Wershba
1022,Kathie Narcissus
1023,Georgine Culosio
1024,Geri Murrah
1025,Persis Wohlen
1026,Harriot Guinna
1027,Raphaela Minny
1028,Maridel Hindorff
1029,Michaela Alano
1030,Caterina Aletta
1031,Lynnelle Mori
1032,Laryssa Canfield
1033,Gilli Rolanda
1034,Lianna Nakada
1035,Wandie Chaffee
1036,Asia Jenni
1037,Gus Bucella
1038,Marti Heloise
1039,Suzi Saunderson
1040,Yolande Jannery
1041,Kirbie Glaab
1042,Mina Truscott
1043,Dorice Drue
1044,Siana Lincoln
1045,Missie Tarton
1046,Janel Kee
1047,Angela Shari
1048,Tami Ana
1049,Kirstyn Cass
1050,Ameline Cara
1051,Tabina Sean
1052,Jermaine Defant
1053,Margeaux Tutt
1054,Jacklyn Melisande
1055,Ceil Lenno
1056,Blinny Larimore
1057,Sisile Joerg
1058,Kellen Berthoud
1059,Trudy Bracci
1060,Dasha Yesima
1061,Benoite Keslie
1062,Bertina Mulford
1063,Tina Thorr
1064,Lyndsie Baylor
1065,Margery Wren
1066,Fey Erroll
1067,Alice Riki
1068,Ivonne Jorey
1069,Mame Wait
1070,Lauri Kiker
1071,Marlena Arette
1072,Genna Newbold
1073,Sibella Joleen
1074,Astra Thordis
1075,Malory Vaules
1076,Helaina Sedgewinn
1077,Jena Han
1078,Verile Perzan
1079,Maris Anil
1080,Karol Pauli
1081,Sondra Adamec
1082,Roselia Heilner
1083,Mady Lymann
1084,Devonne Carmelina
1085,Diena Flanagan
1086,Charlean Zantos
1087,Greta Mitran
1088,Merralee Daukas
1089,Essa Zacharie
1090,Agata Pinchas
1091,Lorinda Elboa
1092,Annmarie Zeculon
1093,Leelah Luby
1094,Dallas Clarhe
1095,Maritsa Lukasz
1096,Kellina Monda
1097,Noelle Gillmore
1098,Harriett Vinny
1099,Sunshine Romona
1100,Amil Adalheid
1101,Carin Thad
1102,Juliette Carlin
1103,Inessa Cristal
1104,Zabrina Jefferey
1105,Elora Hedi
1106,Elli Jeanette
1107,Delores Warms
1108,Ellette Ledda
1109,Deidre Grearson
1110,Jobye Pagas
1111,Romola Klein
1112,Honor Holly-Anne
1113,Ashia Barbie
1114,Nydia Janot
1115,Tiffie Damarra
1116,Othilie Gillie
1117,Jerrie Grazia
1118,Brenna Maupin
1119,Angelita Gilbart
1120,Carmon Gustafsson
1121,Lettie Jacquelynn
1122,Querida Gwennie
1123,April Dhiren
1124,Aimil Jone
1125,Delphine Cornel
1126,Willyt Kylah
1127,Eirena Herrington
1128,Dagmar Jehoash
1129,Jasmina Jacky
1130,Sydel Gothurd
1131,Jaimie Inessa
1132,Kristien Theobald
1133,Nataline Juan
1134,Rina Biddle
1135,Doti Lossa
1136,Leanora Eldoree
1137,Dareen Court
1138,Deni Flore
1139,Antonia Bac
1140,Tania Cyn
1141,Wally Ocker
1142,Merridie Jerrilee
1143,Marylou Umberto
1144,Bell Fosque
1145,Nellie Drucill
1146,Roselle Danielson
1147,Brittany Lorrin
1148,Jerrie Biggs
1149,Janith Malissa
1150,Ronalda Hartzell
1151,Elisabet Marchese
1152,Kimmi Bertila
1153,Carina Chick
1154,Cherilyn Irina
1155,Kellia Zachary
1156,Eleni Melli
1157,Elysee Jodoin
1158,Fredi Quennie
1159,Olga Anzovin
1160,Cinda Mode
1161,Britteny Jacobba
1162,Dell Northey
1163,Vivyan Viridi
1164,Dell Iphagenia
1165,Caril Chally
1166,Toni Eamon
1167,Adelle Felise
1168,Lorne Ploch
1169,Noemi Barram
1170,Devondra Bidget
1171,Jess Mycah
1172,Elfie Kennedy
1173,Trudi Aretha
1174,Keelia Jecho
1175,Angel Meris
1176,Dede Daberath
1177,Florenza Ragnar
1178,Margarethe Thurston
1179,Francine Forsta
1180,Mariellen Samal
1181,Shanie Griffy
1182,Tomi Johnna
1183,Melly Lilla
1184,Teddi Patton
1185,Caril Charlot
1186,Danice Jacquette
1187,Stephani Grim
1188,Livvyy Kara
1189,Joleen Outlaw
1190,Emilia Zeke
1191,Lanny Wilma
1192,Phyllis Solberg
1193,Roda Knight
1194,Selinda Hal
1195,Corny Filiano
1196,Betteanne Shore
1197,Andra Catlaina
1198,Carlin Clapp
1199,Agnella Almeda
1200,Nettle Richards
1201,Lissi Arabella
1202,Elyssa Gatian
1203,Ortensia Marketa
1204,Giana Martres
1205,Riane Wenda
1206,Valery Lambard
1207,Francesca Alwitt
1208,Bernie Froehlich
1209,Neysa Kristopher
1210,Tove Eleni
1211,Lesya Cloots
1212,Bebe Boycie
1213,Lilias Jessy
1214,Adena Aldo
1215,Shandy Gensmer
1216,Benetta Moreta
1217,Callida Tamarra
1218,Genvieve Lose
1219,Shaylyn Henricks
1220,Stephie Gatias
1221,Evania Oly
1222,Karrah Delorenzo
1223,Constantina Severson
1224,Aarika Jourdan
1225,Malena Cattan
1226,Joan Woodie
1227,Lydia Montagu
1228,Linnell Helen
1229,Melisandra Corney
1230,Clarisse Ransom
1231,Jenica Iggy
1232,Aindrea Byrle
1233,Darlleen Idden
1234,Jacky Tenn
1235,Janetta Herzen
1236,Christie Hitchcock
1237,Agata Buckels
1238,Maressa Batchelor
1239,Abagael Dreda
1240,Zabrina Abell
1241,Margaretta Bucella
1242,Zabrina Scibert
1243,Margalit Welcome
1244,Allina Toh
1245,Maudie Chloe
1246,Morganne Tanney
1247,Elmira Eboh
1248,Delinda Jolyn
1249,Bette-Ann Bowrah
1250,Adda Durham
1251,Hephzibah Jacquette
1252,Nanete Scheld
1253,Christie Livesay
1254,Blondy Cleland
1255,Dion Hertzog
1256,Alysa Kimmi
1257,Maryjane Creigh
1258,Cody Seow
1259,Laryssa Jacobs
1260,Corrine Jerol
1261,Bab Lodie
1262,Tamqrah Tome
1263,Jenna Annecorinne
1264,Doris Winifred
1265,Christel Ansilme
1266,Nesta Martz
1267,Nadia Hans
1268,Angela MacLay
1269,Opaline Sneed
1270,Pansy MacKay
1271,Loree Jacob
1272,April Ansela
1273,Marquita Molly
1274,Erena Whitehouse
1275,Imogene Cohe
1276,Corri Skipper
1277,Tomasine Annalise
1278,Ysabel Rella
1279,Ginelle Lorine
1280,Anabal Hoon
1281,Maible Trill
1282,Kalila Derzon
1283,Bill Loydie
1284,Clem Klusek
1285,Layla Munniks
1286,Lynnet Bausch
1287,Nolana Adal
1288,Melodie Delinda
1289,Tory Alcock
1290,Gwenora Punak
1291,Elly Fidelio
1292,Katrina Seif
1293,Lurleen Rollo
1294,Donielle Rooney
1295,Emalia Keg
1296,Lettie Reames
1297,Jaynell Trela
1298,Wanids Chaunce
1299,Laurene Keyte
1300,Maryjane Audwin
1301,Willetta Algernon
1302,Roseanne Daisey
1303,Rena Fuchs
1304,Deloris Moyers
1305,Luisa Lohse
1306,Lanette Clarita
1307,Mariejeanne Durr
1308,Elisabetta Irene
1309,Brandi Eudosia
1310,Arlyne Karlow
1311,Ianthe Ellary
1312,Pierette Clayborn
1313,Teresita Everest
1314,Elly Madai
1315,Heda Nevin
1316,Nancy Mersey
1317,Sayre Soelch
1318,Michaeline Mattland
1319,Tammy Landes
1320,Noellyn Kraus
1321,Martina Kenaz
1322,Shayla Douglass
1323,Barbaraanne Winifield
1324,Briana Colas
1325,Lissa Ronny
1326,Jo Beverlee
1327,Cathryn Waldron
1328,Ianthe Berns
1329,Winne Nike
1330,Dalia Salema
1331,Em Erastus
1332,Tamarah Higbee
1333,Kerrie Noble
1334,Hestia Welcher
1335,Cherey Bartram
1336,Tuesday Wiersma
1337,Sile Sylvanus
1338,Isa Ehling
1339,Dasi Regan
1340,Robena Katya
1341,Nani Sparky
1342,Cynthea Rayburn
1343,Lola Gundry
1344,Cheri Poll
1345,Janice Pip
1346,Torey Bravin
1347,Shari Burford
1348,Sarina Hook
1349,Savina Johannah
1350,Amalea Surbeck
1351,Tova Sateia
1352,Aggie Paulina
1353,Junie Winfrid
1354,Chicky Nidia
1355,Petronella Kendal
1356,Kissiah Susette
1357,Gerrilee Lisk
1358,Alexia Phillip
1359,Abbey Herrmann
1360,Moira Novak
1361,Julee Adlare
1362,Fan Unders
1363,Latrena Meris
1364,Lilian Jabez
1365,Virginia Odlo
1366,Tamara Basile
1367,Katti Judah
1368,Jodie Lassiter
1369,Aretha Liscomb
1370,Ainslee Field
1371,Kellsie Atworth
1372,Susanne Viguerie
1373,Karly Alcinia
1374,Franky Rowan
1375,Dorena Florinda
1376,Olly Etoile
1377,Torie O'Hara
1378,Bonita Chastity
1379,Mehetabel Sewoll
1380,Hally Sackey
1381,Cornelle Noel
1382,Nara Wrightson
1383,Saloma Fulvia
1384,Linet Albemarle
1385,Sydelle Vizzone
1386,Jackquelin Verile
1387,Eddi Cobby
1388,Arly Jeanette
1389,Bobinette Eartha
1390,Marsiella Bancroft
1391,Isabel Jena
1392,Clari Brantley
1393,Fawn Silvain
1394,Amandi Tubb
1395,Alikee Hilario
1396,Monah Beryle
1397,Valentine Arber
1398,Mina Teece
1399,Dorelia Ransell
1400,Lotte Vigen
1401,Mufi Denis
1402,Lita Cora
1403,Susann Goren
1404,Kerrie Cicily
1405,Britney Caleb
1406,Kerrie Proffitt
1407,Mufinella Judah
1408,Cherin Darsey
1409,Ranique Alda
1410,Cymbre Klein
1411,Koressa Donahoe
1412,Ruthe Antonetta
1413,Nana Papert
1414,Marjory Maudie
1415,Nicoline Purse
1416,Yetta Owens
1417,Bernardine Tallu
1418,Marlane Rochette
1419,Selie Bent
1420,Gilberta Bella
1421,Jillana Thurnau
1422,Corry Yonit
1423,Salaidh Othilie
1424,Kitty Garber
1425,Meggie Rhianna
1426,Felicdad Alma
1427,Chiquia Una
1428,Xena Kylila
1429,Felicia Nichani
1430,Morena Ballou
1431,Dela Tate
1432,Charline Driskill
1433,Bria Pompei
1434,Maggi Ulises
1435,Lucia Modla
1436,Helenka Flosser
1437,Estele Maris
1438,Devina Emlynne
1439,Rosy Nunnery
1440,Dorolisa Kleeman
1441,Georgetta Bird
1442,Elset Buote
1443,Hope Lubbock
1444,Jojo Alda
1445,Marketa Floridia
1446,Biddy Coleman
1447,Karrah Merrell
1448,Caressa Clardy
1449,Lesli Meibers
1450,Noreen Nels
1451,Norene Tjaden
1452,Katherine Becki
1453,Mariele Beller
1454,Jandy Fernyak
1455,Judi Regan
1456,Florrie Inna
1457,Regine Frech
1458,Leyla Sekofski
1459,Glynis Donelson
1460,Jaquelyn Zelikow
1461,Rebe Jefferson
1462,Bellina Ottinger
1463,Evonne Tica
1464,Kaitlyn Lisetta
1465,Darcey Domonic
1466,Etti Percy
1467,Lela Lewiss
1468,Clarie Clementi
1469,Noell Linzy
1470,Dion Kaylyn
1471,Ardelia Torre
1472,Opal Tak
1473,Mariam Hurd
1474,Angie Orvan
1475,Josi Meisel
1476,Moyna Diver
1477,Nola Cressida
1478,Janet Caldwell
1479,Chastity Harmonia
1480,Marena Leese
1481,Gilberta Amador
1482,Danyette Mendie
1483,Riane McGinnis
1484,Sisely Melisande
1485,Monika Kohler
1486,Ashlan Warfeld
1487,Emily Rycca
1488,Retha Bolanger
1489,Oliy Genesa
1490,Francene Jaddo
1491,Iormina Doehne
1492,Jonis Catherine
1493,Saba Sankey
1494,Doris Madonia
1495,Sydel Hooper
1496,Carleen Virg
1497,Ronalda Jennette
1498,Heidie Wu
1499,Roselia Lynsey
1500,Emelyne Meisel
1501,Rina Elvis
1502,Betteann Wertz
1503,Alta Crispa
1504,Cissy Dukey
1505,Verina Corwun
1506,Anjela Peters
1507,Hermione Hump
1508,Amelina Paryavi
1509,Sandye Rosina
1510,Esther Leverick
1511,Agna Illona
1512,Sunny Delmer
1513,Elspeth Deacon
1514,Kiele Limber
1515,Anneliese Patrizia
1516,Kriste Berte
1517,Vanna Ledeen
1518,Michaela Charline
1519,Georgie Sidras
1520,Biddy Dhu
1521,Reeva My
1522,Alika Balcke
1523,Annabal Borlase
1524,Georgena Kelsy
1525,Blondie Baudin
1526,Latashia Judie
1527,Leora Enrique
1528,Nelia Wadlinger
1529,Kathie Anglim
1530,Esma Jaye
1531,Stafani Romola
1532,Shantee Agatha
1533,Roxi Osrock
1534,Tonye Iong
1535,Clarabelle Moffat
1536,Toni Hadik
1537,Netti Gradeigh
1538,Margo Beaner
1539,Andra Hilda
1540,Adele Kennan
1541,Lettie Tindall
1542,Gelya Avan
1543,Dania Venita
1544,Godiva Omar
1545,Gwen Bryn
1546,Dorthy Coyle
1547,Emmeline Marriott
1548,Winona Kwan
1549,Hyacinthe Hamforrd
1550,Marrilee Violante
1551,Rozele Asher
1552,Celina Cailean
1553,Trudie Wrennie
1554,Josie Oran
1555,Maridel Kristin
1556,Emylee Ingham
1557,Camile Annabell
1558,Lori Cassandra
1559,Mirabel Martineau
1560,Kimberli Gabbert
1561,Delinda Sheri
1562,Marris Norbert
1563,Merilyn Kelcey
1564,Marja Honebein
1565,Lela Cy
1566,Alexa Fredrick
1567,Corella Paver
1568,Noell Epp
1569,Anabel Benzel
1570,Gertrude Weasner
1571,Blondie Dalt
1572,Katusha Goto
1573,Orelie Moreville
1574,Rhianon Zeeba
1575,Frankie Gabriel
1576,Shina Henke
1577,Nicolette Eugenio
1578,Fleurette Bradman
1579,Berta Kerin
1580,Corly Michella
1581,Elinor Pascha
1582,Giacinta Obed
1583,Erminia Celinka
1584,Marlyn Warring
1585,Tonya Hedelman
1586,Rozele Gasper
1587,Georgetta Yamauchi
1588,Bellina Kory
1589,Lindy Hoffman
1590,Britni Kapor
1591,Glory Garvey
1592,Robinia Bess
1593,Carlynne Brechtel
1594,Roanne Nerti
1595,Kitty Goddart
1596,Alla Inman
1597,Merilyn Jilli
1598,Nalani Persas
1599,Nan Voleta
1600,Cherrita Stefanie
1601,Ambur Colt
1602,Storm Carrnan
1603,Janie Moffitt
1604,Suzy Keslie
1605,Robinia Cazzie
1606,Shandie Channa
1607,Elvera Thissa
1608,Theressa Gobert
1609,Claire Tyre
1610,Renata Fonz
1611,Jordain Julina
1612,Kylila Etra
1613,Courtney Atlanta
1614,Stoddard Cody
1615,Holly-Anne Micco
1616,Ethelind Waddington
1617,Shandee Sandie
1618,Vanessa Jalbert
1619,Brinna Grunberg
1620,Verena Obala
1621,Lanna Rust
1622,Joleen Carmencita
1623,Neysa Bord
1624,Cam Izaak
1625,Amelina Kulda
1626,Olympie Jer
1627,Elke Lebna
1628,Elyssa Aggarwal
1629,Meredithe Edson
1630,Fanchon Kee
1631,Merrill Gudrun
1632,Elene Radcliffe
1633,Daisey Zilber
1634,Julieta Damalus
1635,Joann Herrle
1636,Dniren Nochur
1637,Josie Luci
1638,Jenelle Somerville
1639,Tony Olen
1640,Vevay Bik
1641,Neda Lindie
1642,Bebe Mallissa
1643,Lianne Marley
1644,Natty Maurey
1645,Tasha Janella
1646,Adoree Vernor
1647,Hester Manheim
1648,Claudine Thorwald
1649,Hynda Terrance
1650,Ivett Latona
1651,Marguerite Gerge
1652,Kirby Stacia
1653,Rochette Tilden
1654,Zilvia Alvira
1655,Barbara-Anne Meakem
1656,Mira Monarski
1657,Marnia Murtagh
1658,Cherish Orbadiah
1659,Elaine Tybald
1660,Abagail Marlie
1661,Cesya Mallin
1662,Viviyan Adi
1663,Carry Weinrich
1664,Carlota Dovev
1665,Cookie Adlare
1666,Cherie Holman
1667,Amalie Krock
1668,Andee Mozelle
1669,Eulalie Fazeli
1670,Jacklyn Roslyn
1671,Maurine Kerianne
1672,Alverta Luedtke
1673,Fulvia Clere
1674,Shannen Nevil
1675,Aurelie Wohlen
1676,Eleen Henigman
1677,Dulcie Ing
1678,Kimmy Pasahow
1679,Tammy Reggis
1680,Wallie Lisle
1681,Charmain Barnabe
1682,Bambi Henricks
1683,Atlante Thilda
1684,Fayette Caine
1685,Kaye Dorotea
1686,Lana Katleen
1687,Nisse Cammie
1688,Vinni Valida
1689,Francine Tyne
1690,Lexine Seidule
1691,Adelaide Schulze
1692,Carlota Selia
1693,Flossi Mischa
1694,Madelaine Madi
1695,Kacy Grefer
1696,Margarette Ros
1697,Stephani Stephania
1698,Carlita Sussman
1699,Daisie Henni
1700,Suzie Felita
1701,Elora Gal
1702,Afton Nic
1703,Jasmin Gannie
1704,Celestine Niple
1705,Josi Garling
1706,Eolanda Gerome
1707,Dian Dorothi
1708,Haley Damick
1709,Daveta Phyllida
1710,Maryanne Dalenna
1711,Camila Ellette
1712,Letty Terhune
1713,Aileen Lantha
1714,Melodie Gervais
1715,Thomasine Brigida
1716,Theresa Lisbeth
1717,Andria Darice
1718,Evey Cleodel
1719,Lanette Edwine
1720,Jerry Lindner
1721,Whitney Burke
1722,Flossie Leitman
1723,Yoshi Rush
1724,Beverley Mariska
1725,Katrinka Kisor
1726,Shaylah Grantland
1727,Cris Freedman
1728,Korry Sosanna
1729,Ronnica Chamberlin
1730,Evaleen Toney
1731,Robbin Pepin
1732,Bethanne Risa
1733,Odele Nicolette
1734,Lynn Olatha
1735,Jordanna Dweck
1736,Sher Nette
1737,Natalina Gherardi
1738,Clair Ashwell
1739,Madelle Publius
1740,Vicki Leavy
1741,Bobby Martino
1742,Nani Nicolau
1743,Oneida Linus
1744,Bidget Remy
1745,Brandise Suter
1746,Jeannie Verney
1747,Nerissa Katlaps
1748,Georgianne Burnsed
1749,Shirlee Simmonds
1750,Sibilla Robbi
1751,Coral Seessel
1752,Beryle Mintun
1753,Bevvy Maurene
1754,Vyky Ziagos
1755,Aidan Manara
1756,Regine Themis
1757,Marta Merci
1758,Wilona Ross
1759,Anselma Aletta
1760,Deeann Ashlee
1761,Elonore Maureene
1762,Modesty Barger
1763,Doreen Ergener
1764,Stacy Atwater
1765,Aubrey Ebert
1766,Dore Seppala
1767,Maisie Hussar
1768,Tonia Koeppel
1769,Alexine Immanuel
1770,Cairistiona Konstantin
1771,Anna Ezekiel
1772,Brittani Giltzow
1773,Melisse Agbogla
1774,Britney Oster
1775,Petronella Lalitta
1776,Lucinda Billmyre
1777,Brittne Raybin
1778,Gerta Philemol
1779,Mireielle Duax
1780,Katusha Hakeem
1781,Amabelle Winonah
1782,Ede Berkeley
1783,Marla Alegre
1784,Dasha Kingdon
1785,Leanor Aurlie
1786,Issy Noah
1787,Cherey Ely
1788,Tedda Lindi
1789,Valery Starling
1790,Felisha Ellwood
1791,Niki Russia
1792,Roseann Nedi
1793,Georgetta Rame
1794,Tommi Fay
1795,Raquel Denten
1796,Jacqueline Towbin
1797,Daphne Clemente
1798,Judy MacSwan
1799,Rosemarie Tiler
1800,Biddie Trella
1801,Viviana Gerdeen
1802,Leodora Amaleta
1803,Dorette Rambow
1804,Deborah Madge
1805,Anette Dutch
1806,Latia Neuburger
1807,Sheri Portugal
1808,Mirilla Damiano
1809,Mireielle Adelbert
1810,Pansy Aurelea
1811,Vanni Modestine
1812,Tana Bergin
1813,Arline Rida
1814,Jilly Orsola
1815,Regan Sharron
1816,Ericha Grochow
1817,Doralyn Henrieta
1818,Davida Aldarcy
1819,Claudetta Ethelinda
1820,Sheila-Kathryn Auerbach
1821,Valaria Hudis
1822,Odella Dunn
1823,Roanne Longmire
1824,Magdalena Dao
1825,Karoly Henryetta
1826,Flossi Yovonnda
1827,Iris Corwun
1828,Moll Olwena
1829,Emlyn Cassius
1830,Bianca Sams
1831,Genevra Zabrine
1832,Peggy Tanitansy
1833,Leena Vaasta
1834,Sissie Vassaux
1835,Rhianna Binky
1836,Berny Kahler
1837,Nola Mateusz
1838,Ronnica Duthie
1839,Lula Hedva
1840,Cherilyn Skricki
1841,Alia Arhna
1842,Ginevra Cacka
1843,Marilee Langley
1844,Tatiana Frolick
1845,Joni Banks
1846,Laurette Alethea
1847,Kenna Vala
1848,Josepha Avra
1849,Karlene Johen
1850,Carolee Rumery
1851,Ariana Fannie
1852,Donni Gruver
1853,Mignon Fania
1854,Mahalia Arie
1855,Annis Livingston
1856,Verla Gusella
1857,Selia Adaha
1858,Tedda Hsu
1859,Virginie Mendelson
1860,Siana Julita
1861,Wallis Almita
1862,Hannie Koblas
1863,Lydia Nattie
1864,Netta Haerr
1865,Chelsie Zildjian
1866,Shelby Anjanette
1867,Theda Srini
1868,Abbe Bekki
1869,Leia Burdelle
1870,Malissa Peacock
1871,Salli Buzzell
1872,Jordana Fiertz
1873,Mufi Terriss
1874,Josepha Buchanan
1875,Hedvige Brinna
1876,Shaun Tresa
1877,Maren Pickett
1878,Luelle Kurtzman
1879,Britt Grannias
1880,Eilis Rovner
1881,Charlotta Fidelia
1882,Cathe Gunas
1883,Nell Sierra
1884,Cornie Goulder
1885,Tommi Borchers
1886,Nani Toombs
1887,Daniele Aylsworth
1888,Jamima Tierza
1889,Nerissa Sissy
1890,Pauly Rafa
1891,Miriam Perrine
1892,Darsie Freedman
1893,Sheba Sheya
1894,Vitoria Mosra
1895,Jojo Rehm
1896,Ofilia Flor
1897,Nat Shannan
1898,Cristin Rosalie
1899,Evangelin Ginsburg
1900,Sianna Silsby
1901,Cosette Harriett
1902,Ralina Leoline
1903,Wendie Natika
1904,Jada Osi
1905,Bobbe Mayhew
1906,Lia Crotty
1907,Goldia Holladay
1908,Fred Mastat
1909,Raine Asabi
1910,Angelle Bamby
1911,Kelila Meryl
1912,Kristal Lunsford
1913,Gabbi Bourke
1914,Aliza Juliet
1915,Corabella Murrell
1916,Zorana Vedis
1917,Robyn Hachmann
1918,Jacinda Adrea
1919,Zonnya Garrard
1920,Myriam Bunni
1921,Francine Lynea
1922,Rozalin Karly
1923,Fan Seidel
1924,Sharyl Mroz
1925,Silva Yonatan
1926,Gerhardine Porcia
1927,Nanette Reynard
1928,Fenelia Jeralee
1929,Lulu Linnette
1930,Beret Merridie
1931,Marcela Bolitho
1932,Georgine Kevon
1933,Dinnie Novak
1934,Mariana Flora
1935,Lark Farrica
1936,Rhianon Norvil
1937,Eveleen Joselyn
1938,Adina Ginger
1939,Elvira Elma
1940,Corny Warchaw
1941,Tressa Broderick
1942,Catrina Agna
1943,Emyle Aleksandr
1944,Kelley Ashford
1945,Luella Agee
1946,Rorie Ogdon
1947,Patricia Baily
1948,Averyl Haldas
1949,Corrina Chance
1950,Amanda Purdy
1951,Gail Ioyal
1952,Margarette Attalanta
1953,Brietta Gorton
1954,Anthia Maxia
1955,Lida Cedric
1956,Emilie Austreng
1957,Aggi Sayles
1958,Emili Lupee
1959,Ronni O'Connor
1960,Alejandra Gay
1961,Goldy Love
1962,Steffane Normand
1963,Priscella Stromberg
1964,Lorelei Sanger
1965,Lynette Cindee
1966,Klarrisa Yarak
1967,Daniele Susie
1968,Mellisent Anyah
1969,Ranna Cordie
1970,Vinny Methuselah
1971,Debra Elephus
1972,Else Genet
1973,Eulalie Beau
1974,Evania Relly
1975,Ronni Kriss
1976,Patty Fairleigh
1977,Trina Riebling
1978,Jemmie Stuckey
1979,Katina Asquith
1980,Geri Siegfried
1981,Amberly Riley
1982,Dorree Milburn
1983,Cleo Chandos
1984,Lian Billen
1985,Winne Zimmer
1986,Sarajane Trixie
1987,Lucita Levitan
1988,Eugenie Valencia
1989,Ara Halstead
1990,Wenona Stan
1991,Marcille Helban
1992,Bab Diba
1993,Tricia Sidonius
1994,Amandi Calan
1995,Dona Lukin
1996,Shani Fedora
1997,Farand Bussey
1998,Rochelle Ohaus
1999,Valry Sheng
2000,Katrinka Cutcliffe
2001,Renee Krauss
2002,Goldarina Zandt
2003,Prudence Caesaria
2004,Evania Crandell
2005,Morna Peder
2006,Mallorie Dowd
2007,Amabel Finer
2008,Teodora Wil
2009,Arabela Culver
2010,Bendite Arlen
2011,Abbie Masterson
2012,Katherine Mensch
2013,Annmaria Damicke
2014,Phillie Dronski
2015,Cate Guarino
2016,Noel Cudlip
2017,Reeba Norvan
2018,Gabriela Garmaise
2019,Mirella Cattima
2020,Claretta Bernarr
2021,Nerita Oak
2022,Ardelia Bolger
2023,Verine Shifrah
2024,Dorothy Nadaha
2025,Brooks Furtek
2026,Sidoney Mahoney
2027,Eva Dorlisa
2028,Dayle Gavrah
2029,Shirley Blasien
2030,Lindy Lazar
2031,Elysha Torrey
2032,Chad Aldo
2033,Lizabeth Merce
2034,Drusi Greysun
2035,Darbie Scotney
2036,Celesta Bellina
2037,Serena Shae
2038,Patti Ermentrude
2039,Marieann Jezreel
2040,Celia Schonfield
2041,Tamar Ulphi
2042,Hilde Vernen
2043,Vivien Glynda
2044,Marylee Carlynn
2045,Coraline Rabbi
2046,Jesse Stanly
2047,Zara Tailor
2048,Meridith Sucy
2049,Cornelia Mallin
2050,Sayre Island
2051,Roxane Levitan
2052,Noami Fauver
2053,Terry Reel
2054,Lola Licastro
2055,Giulietta Henka
2056,Elie Spencer
2057,Salli Flynn
2058,Harrietta Sebastian
2059,Kariotta Rissa
2060,Kalindi Bordiuk
2061,Lorie Shieh
2062,Tamra Sherrod
2063,Hermina Ardene
2064,Shannen Sparkie
2065,Gizela Brien
2066,Papagena Aloisius
2067,Desiri Thill
2068,Cyndi Longo
2069,Leandra Magnolia
2070,Genni Grous
2071,Rhoda Faxan
2072,Ellene Che
2073,Devina Zeke
2074,Viv Donelle
2075,Zahara Gruver
2076,Anthia Stormy
2077,Eveline Frodin
2078,Grace Samul
2079,Lacee Ruby
2080,Tildie Luce
2081,Ninon Ari
2082,Casie Murton
2083,Geraldine Ado
2084,Kora Farnham
2085,Blondell Fachanan
2086,Adelle Mosby
2087,Nata Julianna
2088,Mirabella Olshausen
2089,Orelie Erma
2090,Aarika Ode
2091,Theda Nonnah
2092,Elwira Fleurette
2093,Ceciley Sorilda
2094,Dorrie Nahamas
2095,Bryana Schacker
2096,Dorothy Novah
2097,Cathy Eudora
2098,Maurita O'Connor
2099,Beulah Alcinia
2100,Camellia Pricilla
2101,Mariellen Kimball
2102,Shauna Khalid
2103,Shalna Rombert
2104,Kordula Royce
2105,Jermaine Ferri
2106,Danit Goodrich
2107,Kathlin Hezekiah
2108,Rona Buff
2109,Rosette Erlewine
2110,Kristina Charlet
2111,Verla Nashner
2112,Nannette Farris
2113,Robinetta Adaminah
2114,Hyacinth Fai
2115,Lucina Ludovico
2116,Melodie Dunseath
2117,Corny Lucio
2118,Doralia Latin
2119,Josefa Kelsey
2120,Karlie Merline
2121,Didi Norma
2122,Dania Torrence
2123,Diana Ciprian
2124,Nike Jayson
2125,Vanessa Mas
2126,Joanne Obed
2127,Marie Akili
2128,Noell Diane
2129,Ricky Katha
2130,Barbaraanne Connelley
2131,Teena Orsay
2132,Constancia Zerk
2133,Maren Sharon
2134,Merilee Lorelie
2135,Esmeralda Amethist
2136,Hettie Berkin
2137,Auberta Ambrogio
2138,Elinor Hare
2139,Jaime Ikey
2140,Mimi Apps
2141,Eugenie Joan
2142,Elicia Kolk
2143,Flossi Schilling
2144,Idalina Nana
2145,Jayne Karlin
2146,Romola Jordon
2147,Janette Fiorenza
2148,Marga Linetta
2149,Alexine Bruckner
2150,Chloris Udele
2151,Rubie Maisey
2152,Oralle Obaza
2153,Tiffy Sewole
2154,Dot Penelopa
2155,Loretta Karney
2156,Doris Onida
2157,Davita Artus
2158,Georgeanne Peskoff
2159,Teddi Mulloy
2160,Suzie Hermy
2161,Aloysia Townie
2162,Dotty O'Connor
2163,Kari Kruse
2164,Ashly Roseann
2165,Karee Crescantia
2166,Teddi Linet
2167,Sallyanne Christye
2168,Celene Dun
2169,Ashley Rafaelia
2170,Sonia Adalheid
2171,Birgitta Meredithe
2172,Lenna Magree
2173,Meghan Weywadt
2174,Scarlett Haven
2175,Michelle Feer
2176,Natalie Melvina
2177,Bobbette Bianka
2178,Ashil Body
2179,Fredia Amitie
2180,Ranice Collayer
2181,Merrielle Solly
2182,Brenna Waddell
2183,Tonia Nanine
2184,Cindra Mile
2185,Loraine Obie
2186,Arlina Santoro
2187,Shandee Wye
2188,Roberta Daley
2189,Gloria Hamel
2190,Shela Jecon
2191,Stace Dafna
2192,Emalia Dinnie
2193,Bonny Fayth
2194,Cassondra Cressler
2195,Kayle Yeaton
2196,Austine Silvanus
2197,Jesse Liu
2198,Antonie Fasta
2199,Libbi Forta
2200,Doe Vincenta
2201,Kimberley Devinna
2202,Filippa Bernarr
2203,Benetta Keenan
2204,Eleanore Justus
2205,Caria Penland
2206,Phil Askwith
2207,Daffy Aletha
2208,Maurine Bara
2209,Molly Isobel
2210,Yoko Nathalie
2211,Tilda Claudina
2212,Christa Britta
2213,Linea Sheets
2214,Danila Pfister
2215,Kathryne Sternberg
2216,Tamar Dulcie
2217,Myrlene Georgi
2218,Crissy Roseanne
2219,Mariejeanne Atiana
2220,Grata Rashidi
2221,Julita Kauslick
2222,Alfi Eskil
2223,Judith Truscott
2224,Vannie Iyre
2225,Gus Rosabel
2226,Pollyanna Valentine
2227,Georgette Garda
2228,Gusty Elana
2229,Gates Capello
2230,Clem Outhe
2231,Anneliese Graces
2232,Gerladina Blondelle
2233,Anica Rayner
2234,Bridgette Spense
2235,Janeczka Kuster
2236,May Keever
2237,Chicky Ellinger
2238,Melloney Wain
2239,Emalia Behka
2240,Tanya Tomlin
2241,Tate Fabron
2242,Natalie Firmin
2243,Jacynth Willdon
2244,Camel Waylin
2245,Reggi Bickart
2246,Fredia Olnee
2247,Charil Ewold
2248,Dodi Anatole
2249,Emmalynne Ma
2250,Pepi Wood
2251,Kirsten Wash
2252,Suzann Kazimir
2253,Kristina Leupold
2254,Dulcia Sturrock
2255,Gustie Iong
2256,Tessa Raimondo
2257,Aurlie Koran
2258,Ninnette Berner
2259,Patty Etienne
2260,Jobyna Yunfei
2261,Shirl Alidus
2262,Cindee Balliett
2263,Brittan Marinna
2264,Terrye Howes
2265,Cherye Crichton
2266,Dode Vonny
2267,Verene Suh
2268,Fancy Lorraine
2269,Gillie Blumenfeld
2270,Kathryne Carmine
2271,Rania Daryl
2272,Tobey Ursas
2273,Janean Colby
2274,Inessa Snodgrass
2275,Enid Garnes
2276,Nancee Rhoads
2277,Robbyn Him
2278,Gilbertina Jule
2279,Rosalinde Hussein
2280,Sybil Sihun
2281,Pen Stahl
2282,Ettie Ethyl
2283,Veronika Pisano
2284,Dorine Velick
2285,Virgie Bertine
2286,Linzy Shellie
2287,Britteny Harriette
2288,Toni Vere
2289,Peta Stauffer
2290,Deloris Cave
2291,Datha Richardo
2292,Sidonia McGray
2293,Bryna Brandise
2294,Katti Nodab
2295,Norah Sheets
2296,Kameko Lynnet
2297,Leyla Lobell
2298,Blondie Phippen
2299,Frannie McEvoy
2300,Rosalia Danica
2301,Nanette Asteria
2302,Karena Gadmon
2303,Merrill Guyon
2304,Nyssa Christoph
2305,Bonnie Aspa
2306,Carol-Jean Anselm
2307,Imelda Moth
2308,Cory Tobin
2309,Cordula Gisela
2310,Guinevere Starobin
2311,Louise Blondy
2312,Dallas Flem
2313,Vivyan Thapa
2314,Dora Fidelity
2315,Benny Erland
2316,Elberta Bekki
2317,Etheline Dustie
2318,Hillary Gabriell
2319,Annabela Fotina
2320,Cherey Debbi
2321,Ernestine Gilman
2322,Carley Gould
2323,Ula Dunseath
2324,Christine Aspa
2325,Dix Hardan
2326,Loralee Trixi
2327,Miguela Briscoe
2328,Briney Meg
2329,Ollie Tennes
2330,Abigael Swetiana
2331,Valli Bjork
2332,Lura Riggs
2333,Junette Brittne
2334,Darsey Haywood
2335,Kakalina Marriott
2336,Brunhilda Tori
2337,Nichole Wyon
2338,Roxana Juni
2339,Maurine Kotz
2340,Carri Pinkham
2341,Gwenora Ahlgren
2342,Brittni Carlyn
2343,Willetta Turpin
2344,Courtnay Piero
2345,Jaquelin Armillia
2346,Melisa Marden
2347,Gertie Hendrika
2348,Blondy Ernesta
2349,Emogene Tenner
2350,Donna Temple
2351,Chrysler Adelind
2352,Rozanne Noni
2353,Janella Musser
2354,Winifred Elberfeld
2355,Jodee Frydman
2356,Cairistiona Willette
2357,Gabriela Sadler
2358,Harley Carrelli
2359,Melisse Aminta
2360,Darya Favianus
2361,Marthe Arst
2362,Vicki Solomon
2363,Jyoti Pillow
2364,Marrissa Grae
2365,Maribel Dunlavy
2366,Sofie Dunseath
2367,Gladi Colson
2368,Loutitia Proffitt
2369,Delphinia Bernardine
2370,Lolita Tisdale
2371,Cleo Stag
2372,Danielle Tanner
2373,Corette Lud
2374,Gerladina Beatriz
2375,Ruby Deering
2376,Frances Northington
2377,Phil Aylmar
2378,Robinetta Ragen
2379,Dorita Mazonson
2380,Dorice Pandolfi
2381,Esmeralda Juliette
2382,Yelena Ellon
2383,Carena Castera
2384,Jena Darin
2385,Nikki Valera
2386,Anallese Stutsman
2387,Melanie Wildermuth
2388,Geraldine Hazem
2389,Shirlee Gesner
2390,Dione Grane
2391,Aurilia Millisent
2392,Cristine Hurlee
2393,Yovonnda Woodford
2394,Nanette Erick
2395,Carmen Armond
2396,Lottie Oran
2397,Reta Adim
2398,Kristien Apostles
2399,Cicely Harwin
2400,Ilyssa Dew
2401,Dorry Dewhurst
2402,Shara Rudd
2403,Gates Blondy
2404,Chloris Hadleigh
2405,Roxine Wilt
2406,Ashleigh Grissom
2407,Anya Kahler
2408,Simonne Tracey
2409,Lorrayne Fillbert
2410,Elfie Elyse
2411,Carolann Dacie
2412,Vivianna Hardan
2413,Sybilla Seaden
2414,Leia Lunneta
2415,Kimmie Urban
2416,Marrissa Meda
2417,Christy Gerkman
2418,Isobel Moreno
2419,Laverne Fusco
2420,Drusie Rolan
2421,Deedee Valenka
2422,Van Benny
2423,Nicki Trotta
2424,Drona Erminia
2425,Bernardina Rosalba
2426,Fanya Taddeusz
2427,Lacie Benedetto
2428,Tamarah Stephan
2429,Antonella Amye
2430,Angelina Cowley
2431,Amil Fassold
2432,Lucienne Pennington
2433,Crissie Tomlinson
2434,Goldi Bithia
2435,Hally Astred
2436,Janice Servetnick
2437,Cheslie Clari
2438,Deena Docia
2439,Camel Zabrine
2440,Cristen Borg
2441,Dulcie Junieta
2442,Peria Goodard
2443,Emera Monetta
2444,Arluene Gaeta
2445,Koo Endo
2446,Lise Cathee
2447,Jobey Tench
2448,Roxanne Lauraine
2449,Ted Latouche
2450,Tasia Durtschi
2451,Kaleena Deming
2452,Tonya Chesnut
2453,Camella Flosi
2454,Tamar Zilber
2455,Antoinette Adamec
2456,Annabal Nick
2457,Idalia Adrian
2458,Lurleen Wren
2459,Genevra Orferd
2460,Livy Sosthenna
2461,Kelli Bone
2462,Lisbeth Etti
2463,Coraline Oswell
2464,Morganica Marpet
2465,Filia Willem
2466,Alidia Goldner
2467,Corey Hibbs
2468,Ardeen Enoch
2469,Chickie Richmal
2470,Genna Aran
2471,Lita Gaudette
2472,Felicle Knut
2473,Steffane Ninos
2474,Elli Harness
2475,Juline Hymie
2476,Deloria Noni
2477,Heloise Melda
2478,Kippie Lenka
2479,Cass Berneta
2480,Brinna Standush
2481,Catharina Ticon
2482,Roseann Roseanne
2483,Tommi Ashlin
2484,Sophie Kushner
2485,Nathalia Barney
2486,Merrielle Antebi
2487,Karyl Cheslie
2488,Lyndsie Lianna
2489,Louise Hedley
2490,Demetria Ellora
2491,Catlee Alodee
2492,Charlena Bowrah
2493,Druci Letitia
2494,Alyss Leif
2495,Zea Frierson
2496,Elfrida McCurdy
2497,Mallissa Prospero
2498,Kriste Nancie
2499,Lenka Ferreby
2500,Aleta Vincenz
2501,Helga Servetnick
2502,Melanie Gustin
2503,Honoria Wawro
2504,Renell Emee
2505,Janeva Buck
2506,Sibbie Weiner
2507,Lucretia Hilton
2508,Grethel Bradwell
2509,Dayna Gracie
2510,Johannah Evonne
2511,Guillemette Vicky
2512,Amabel Ramah
2513,Dominica Riggs
2514,Lianne Hazen
2515,Allsun Jeromy
2516,Veronique Ciel
2517,Missie Loar
2518,Gaby Viki
2519,Lark Wiebmer
2520,Maren Abdul
2521,Blake Lala
2522,Gui Crutcher
2523,Lianna Ontina
2524,Fina Lorinda
2525,Larine Nedry
2526,Lauren Macey
2527,Agretha Florie
2528,Marlie Malonis
2529,Mae Glennon
2530,Anstice Orji
2531,Elfie Akeyla
2532,Amy Tiffani
2533,Leilah Caesar
2534,Debbi Blanche
2535,Prudence Rebe
2536,Benedetta Quigley
2537,Sybila Zucker
2538,Katherina Hawken
2539,Lindsy Bendick
2540,Leesa Zorah
2541,Joellen Spurgeon
2542,Clarine Gildus
2543,Xenia Garson
2544,Binni Mariska
2545,Odette Ramses
2546,Margareta Chimene
2547,Dorolisa Urbai
2548,Jenn Rahman
2549,Darcey Shandy
2550,Bryana Beberg
2551,Estele Julianna
2552,Addi Onyx
2553,Josefina Mullane
2554,Rosalind Valerlan
2555,Essie Calia
2556,Berta Ovida
2557,Chelsie Kenton
2558,Ronny Aili
2559,Tammie Atthia
2560,Hedi Harmaning
2561,Ana Darcia
2562,Leese Julian
2563,Ange Isabeau
2564,Meg Kappel
2565,Sammy Ruffo
2566,Deb Keeton
2567,Grazia Crandall
2568,Griselda Reckford
2569,Seka Karolyn
2570,Marys Becky
2571,Brittaney Therine
2572,Evonne Leupold
2573,Angeline Ellon
2574,Sharline Kahaleel
2575,Taffy Kamat
2576,Shayla Larrie
2577,Marin Victorie
2578,Jemmie Nobel
2579,Auguste Fonda
2580,Rebecca Simonne
2581,Corrianne Anastase
2582,Kerianne Strawn
2583,Mae Gascony
2584,Tobe Yvette
2585,Britte Onia
2586,Bobette Carnes
2587,Melitta Amrita
2588,Sharity Concepcion
2589,Alicea Othilia
2590,Tatiana Richardo
2591,Vernice Pattani
2592,Shannon Morice
2593,Daryn Cila
2594,Ernestine Tris
2595,Rebbecca Nolita
2596,Celinda Tina
2597,Martha Nogas
2598,Quintana Bernie
2599,Jessika Say
2600,Kylynn Mikael
2601,Kat Ragouzis
2602,Georgette Roswald
2603,Nissy Zondra
2604,Valli Perloff
2605,Brynn Sanchez
2606,Suzy Gulgee
2607,Giorgia Wallie
2608,Chelsy Elodia
2609,Livvy Fionnula
2610,Hyacinth Koby
2611,Caria Swanhilda
2612,Sibilla Ralina
2613,Annabel Angelika
2614,Jessica Gabriell
2615,Camala Berton
2616,Twila Benil
2617,Anthia Matthiew
2618,Aurora Blondelle
2619,Callie Daryn
2620,Thekla Corsetti
2621,Bobine Gian
2622,Konstance Cykana
2623,Nichole Nisen
2624,Melosa Audette
2625,Ashia Dressler
2626,Lynette Maggie
2627,Shoshanna Caron
2628,Atlante Hogle
2629,Jacquenetta Tupler
2630,Rosalia Araminta
2631,Eliza Marlee
2632,Cassandry Andria
2633,Ernaline Uriia
2634,Lynnette Anthia
2635,Cordula Glovsky
2636,Gabey Sitra
2637,Aubine Blanca
2638,Amalle Seko
2639,Kylila Pitts
2640,Gwynne Fernando
2641,Evey Abe
2642,Nonie Myrtle
2643,Peta McIlroy
2644,Imojean Blanding
2645,Tessa Amorita
2646,Muffin Kynan
2647,Judie Heriberto
2648,Austina Celeste
2649,Jannelle Bull
2650,Lorinda Omari
2651,Elianora Quillon
2652,Maridel Benedicto
2653,Andra Berkin
2654,Jasmine Curson
2655,Joanie Gianna
2656,Cissiee Hadden
2657,Maurine Duer
2658,Mimi Harbard
2659,Else Wittenburg
2660,Cass Katerine
2661,Cayla Bethina
2662,Bess Quartis
2663,Bianca Manard
2664,Ingaborg Metabel
2665,Appolonia Norean
2666,Hilde Otto
2667,Rafaelita Crin
2668,Alyss Emory
2669,Donny Rugen
2670,Gert Norean
2671,Tallulah Rena
2672,Anabel Richelle
2673,Matti Hills
2674,Anderea Geraldine
2675,Cathleen Havard
2676,Adelle Baynebridge
2677,Dareen Agathy
2678,Jena Keelby
2679,Melitta Caravette
2680,Livy Lipp
2681,Ruthe Zielsdorf
2682,Mariann Anastase
2683,Rhetta Eldon
2684,Vivia Picker
2685,Rita Marsland
2686,Angelle Starks
2687,Estrella Nador
2688,Oneida Lampert
2689,Harriett Danie
2690,Chelsae Zoes
2691,Lucie Ewer
2692,Virgina Rodmur
2693,Lindy Donoghue
2694,Amabel Fredi
2695,Marybelle Astrix
2696,Stormie Salvidor
2697,Louise Gloria
2698,Ebony Harold
2699,Ardine Karlyn
2700,Odelle Flemming
2701,Edin Spieler
2702,Brinna Deb
2703,Bernita Wendall
2704,Bambi Liatrice
2705,Joeann Terrence
2706,Doe Elysia
2707,Masha Anjanette
2708,Angele Tabitha
2709,Domini Brodie
2710,Masha Chilton
2711,Lilas Philbrook
2712,Fae Pascoe
2713,Valma Heinrick
2714,Rhetta Cave
2715,Cynthea Felder
2716,Eunice Daveta
2717,Cassi Gibrian
2718,Kathryn Thurmond
2719,Gretal Doran
2720,Sandi Lynne
2721,Myrtle Lorimer
2722,Pippy Virgilio
2723,Tarah Seyler
2724,Freddi Khichabia
2725,Carline Gabbi
2726,Nert Gal
2727,Arabel Stelle
2728,Calley Lander
2729,Catriona Venterea
2730,Lynnet Gintz
2731,Claudette Virgy
2732,Leanna Dash
2733,Gillian Kassaraba
2734,Gretna Goldie
2735,Mirabelle Swaine
2736,Herta Marmawke
2737,Emmie Davidoff
2738,Jenna Mirna
2739,Jehanna Royall
2740,Jo-Ann Blanding
2741,Codi Casia
2742,Enrika Nissy
2743,Ruthanne Ancilin
2744,Annamarie Sama
2745,Adriane Elberfeld
2746,Danit Ragnar
2747,Morganica Giesser
2748,Mariya Williamsen
2749,Zsa Zsa Strage
2750,Julita Alys
2751,Nell Alejo
2752,Grissel Ambrogino
2753,Harli Scheider
2754,Chryste Dulcinea
2755,Francisca Kreager
2756,Estele Weissman
2757,Ted Quint
2758,Ruthie Lauder
2759,Emelina Eras
2760,Lissie Warring
2761,Kittie Daisy
2762,Lynn Wilburt
2763,Robbyn Yeh
2764,Heidi Annalee
2765,Eadie Ziguard
2766,Dyan Audley
2767,Clarinda Ruffina
2768,Lorelei Sarchet
2769,Krystalle Ruhnke
2770,Diahann Dobb
2771,Rosette Weingarten
2772,Nichole Yokoyama
2773,Dina Corrianne
2774,Claude Casta
2775,Brietta Bobbee
2776,Dore Kathryne
2777,Lucienne Margy
2778,Lyndy Michel
2779,Lorilee Josefina
2780,Shirl Hakon
2781,Andromache Jarrad
2782,Liv Matland
2783,Teddi Rillis
2784,Flss Thais
2785,Anthea Wartow
2786,Lisbeth Nev
2787,Eddi Nuriel
2788,Arabele Ruff
2789,Marti Brandyn
2790,Sheri Schrick
2791,Irena Bradstreet
2792,Bevvy Zoara
2793,Danyelle Aufmann
2794,Modestia Wolk
2795,Therese Libbie
2796,Portia Orvan
2797,Caressa Phiona
2798,Brittne Vada
2799,Alejandra Olivia
2800,Ailee Franciskus
2801,Hetti Noma
2802,Sheelah Zadoc
2803,Lucienne Richards
2804,Marylinda Rellia
2805,Lexine Roze
2806,Gerianne Housen
2807,Lorita Arella
2808,Gilbertina Cavill
2809,Othelia Bosch
2810,Tessy Joette
2811,Fleur Iona
2812,Susy Ellingston
2813,Constantina Fronnia
2814,Doll Sabina
2815,Stacie Robison
2816,Sher Figueroa
2817,Justine Hen
2818,Elysee Reames
2819,Tamqrah Aviv
2820,Corabella Mathilde
2821,Anallese Cacilie
2822,Renate Nevins
2823,Lulita Judah
2824,Tera Daggna
2825,Britney Phiona
2826,Brooke Merla
2827,Lia Schechinger
2828,Celestina Laurin
2829,Concettina Sears
2830,Adrian Helbonia
2831,Diann Jacki
2832,Inesita Celestine
2833,Sadye Takara
2834,Norri Madelon
2835,Andriette O'Driscoll
2836,Tiphany Urata
2837,Lilas Marriott
2838,Lisbeth Eyde
2839,Laverne Cartwright
2840,Catharine Theola
2841,Dayna Bautram
2842,Aeriell Lonna
2843,Lyndsie Barb
2844,Ula Dorca
2845,Vonni Bennie
2846,Kenna Fording
2847,Hetty Alisa
2848,Liv Swarts
2849,Aileen Holle
2850,Carlynne Packston
2851,Stormie Holle
2852,Ginnie Freed
2853,Emelita Casimire
2854,Petra Livvyy
2855,Lauri Warden
2856,Emlynn Doty
2857,Arly Ramona
2858,Kaylyn Cohbath
2859,Coral Prue
2860,Linette Jauch
2861,Anya Munsey
2862,Isobel Cleveland
2863,Lindie Elke
2864,Lorie Rachele
2865,Babs Nananne
2866,Marillin Beau
2867,Rachael Shuma
2868,Phillis Winfred
2869,Jazmin Bettye
2870,Devinne Dulciana
2871,Verene Boylston
2872,Elly Clapper
2873,Merrie Jennica
2874,Bell Moreta
2875,Stormi Iva
2876,Leelah Ko
2877,Glennis Fredelia
2878,Ailene Nerti
2879,Bren Lacombe
2880,Britteny Dekeles
2881,Gwyn Daph
2882,Nicolina Giacomo
2883,Pearla Bergeman
2884,Alana Quickel
2885,Caron Felix
2886,Arabele Gerson
2887,Jorey Rhonda
2888,Danila Guildroy
2889,Sophronia Quickel
2890,Cinda Stilwell
2891,Annecorinne Duggan
2892,Agata Feeley
2893,Erika Corley
2894,Nolie Deegan
2895,Laurena Tera
2896,Ruthanne Margarita
2897,Heidi Celeski
2898,Doreen Haskins
2899,Ginevra Aldarcy
2900,Karrah Zilla
2901,Nicola Darsey
2902,Catlaina Calvinna
2903,Ronda Ballinger
2904,Dotti Oletta
2905,Aggie Valentijn
2906,Wilona Lody
2907,Diana Seena
2908,Jaquith Williamsen
2909,Tilly Snider
2910,Charleen Gregoire
2911,Glory Jerald
2912,Nolana Vasilis
2913,Ariana Shaina
2914,Joya Semele
2915,Kamilah Goar
2916,Carline Morgen
2917,Lib Ransell
2918,Cayla Browning
2919,Hazel Averil
2920,Hesther Kinney
2921,Rene Beyer
2922,Aeriel Laveen
2923,Nolie Audie
2924,Yetty Riancho
2925,Diana Accalia
2926,Kalila Gean
2927,Cinderella Arturo
2928,Roselle Aile
2929,Ilyssa Ruffin
2930,Krystalle Susette
2931,Michel Furey
2932,Bonny Hegarty
2933,Melisande Hobey
2934,Adoree Hy
2935,Katie Meggie
2936,Lilla Rasia
2937,Auberta Hoagland
2938,Florance Killoran
2939,Quintana Lower
2940,Devonne Peonir
2941,Valeda Ocker
2942,Stacie Marilou
2943,Bethena Curzon
2944,Abigael Nagey
2945,Dottie Alexina
2946,Chelsea Roose
2947,Merla Zebada
2948,Celestine Emmery
2949,Fania Ethelyn
2950,Nell Pieter
2951,Manda Medardas
2952,Ilsa Eriha
2953,Helaine Dalli
2954,Windy Noah
2955,Marlie Susanne
2956,Jean Joab
2957,Vicky Savell
2958,Romy Libbna
2959,Pris Luella
2960,Tammi Nicki
2961,Danni Leff
2962,Jaquith Plunkett
2963,Libbey Arianna
2964,Giovanna Osugi
2965,Erinn Odell
2966,Mersey Naashom
2967,Blithe Pros
2968,Dulsea Crow
2969,Dasha Toney
2970,Analise Nimocks
2971,Lexine Newkirk
2972,Olympe Horvitz
2973,Beverley Art
2974,Maxine Doerrer
2975,Charline Betteann
2976,Jaynell Garnes
2977,Agnella Theobald
2978,Zarah Roque
2979,Maritsa Klehm
2980,Dorris Stacy
2981,Hyacinthie Hauger
2982,Flor Rosenstein
2983,Katya Budge
2984,Koressa Grania
2985,Carmencita Deeanne
2986,Tate Rains
2987,Allissa Kania
2988,Olympie Glenden
2989,Myrta Nancy
2990,Bunnie Dekeles
2991,Corey Markman
2992,Helyn Englebert
2993,Lethia Wadesworth
2994,Suki Fakieh
2995,Lindie Vale
2996,Doria Milissent
2997,Uta McIntosh
2998,Umeko Knowlton
2999,Lorilee Mann
3000,Renelle Lud
3001,Shani Borchers
3002,Lettie Northrop
3003,Nettie Ursuline
3004,Etta Josephina
3005,Chelsy Devy
3006,Maressa Thacher
3007,Dale Strage
3008,Mame Andris
3009,Marthe Leandra
3010,Florina Ermina
3011,Shelby Jackelyn
3012,Joellyn Reuven
3013,Jane Vite
3014,Leandra Rhett
3015,Rebecka McClure
3016,Ameline Cristiano
3017,Lisette Crystal
3018,Diann Sedberry
3019,Ibby Samira
3020,Cathie Yves
3021,Yettie Lontson
3022,Victoria Durante
3023,Georgetta Ranchod
3024,Constanta Stanleigh
3025,Noemi Sherwood
3026,Lesya Edana
3027,Alisun Maxama
3028,Giulietta Shanly
3029,Glenine Autry
3030,Dreddy Trakas
3031,Blakelee Alejo
3032,Junette Timotheus
3033,Esta Catlee
3034,Fredi Roslyn
3035,Lurlene Pero
3036,Biddy Terhune
3037,Remy Gallager
3038,Cloe Zacarias
3039,Vivian Harlan
3040,Zahara Lais
3041,Shay Rosse
3042,Marsha Leonteen
3043,Alicia MacCarthy
3044,Marie Willyt
3045,Dori Gusty
3046,Leodora Michale
3047,Lorene Swanson
3048,Wallie Gerstein
3049,Genia Benildas
3050,Harmony Alves
3051,Neda Audsley
3052,Geraldine Cerveny
3053,Phillis Tierza
3054,Rachele Uriisa
3055,Randie Spiers
3056,Concettina Rudolfo
3057,Andy Dielle
3058,Rozelle Mike
3059,Maurizia Emlyn
3060,Britte Ivers
3061,Stacey Esmond
3062,Meridith Casimire
3063,Casi Negris
3064,Thomasa Maxie
3065,Leland Weidman
3066,Marcia Antonius
3067,Leone Janeczka
3068,Sally Algernon
3069,Betta Stallworth
3070,Merle Claus
3071,Dollie Suh
3072,Wren Ambrosio
3073,Giorgia Rochkind
3074,Marylynne Pierro
3075,Lindi Raimes
3076,Beulah Grail
3077,Iseabal Guibert
3078,Grace Burke
3079,Felice Scholz
3080,Roslyn Beverlee
3081,Minnie Cardinal
3082,Bettine Janith
3083,Franni Westfahl
3084,Jordain Hayton
3085,Griselda Aspasia
3086,Doralyn Nettle
3087,Hattie Garth
3088,Pearl Callida
3089,Kalinda Granville
3090,Berget Querida
3091,Aindrea Paz
3092,Zonda Kuo
3093,Leanna Babara
3094,Risa Flosser
3095,Rivkah Welbie
3096,Amandy Reinert
3097,Vitia Westfahl
3098,Geneva Errol
3099,Eudora Wyler
3100,Brigitta Robina
3101,Dorrie Reiko
3102,Carree Brendon
3103,Dorise Risser
3104,Rodi Gaile
3105,Estell Anna-Diane
3106,Merline Allrud
3107,Thomasina Alwin
3108,Lari Dumond
3109,Harri Odom
3110,Elladine Warms
3111,Dianemarie Allie
3112,Tabbi Clare
3113,Samaria Nich
3114,Olivette Medeah
3115,Lyssa Rew
3116,Honey Hugh
3117,Cleopatra Weatherley
3118,Camella Ashlan
3119,Gwenora Bores
3120,La Verne Henni
3121,Brita Dena
3122,Mattie Bilbe
3123,Bethany Davidson
3124,Celisse Delila
3125,Sybyl Ellen
3126,Audre Scrogan
3127,Maxi Rem
3128,Theresa Honniball
3129,Glad Matthiew
3130,Celia Starbuck
3131,Hallie Gabriella
3132,Neila Grinnell
3133,Vanni Gwenette
3134,Antonina Audras
3135,Angelika Almeida
3136,Dareen Kind
3137,Wenona Pazia
3138,Lynnea Oakes
3139,Ivie Branca
3140,Rivi Nessim
3141,Shelia Lubba
3142,Devan Reena
3143,Cissiee Culley
3144,Diahann Gasser
3145,Mellisent Karp
3146,Aprilette Melania
3147,Astrix Howlend
3148,Philipa Fennell
3149,Kiersten Older
3150,Fiorenze Mal
3151,Elita Memory
3152,Gisela Helprin
3153,Roda Pournaras
3154,Jorey Nanny
3155,Lindsay Heman
3156,Katharine Reynard
3157,Dulci Dael
3158,Stefanie Crabb
3159,Holly Jurdi
3160,Arluene Archibold
3161,Kristyn Bidle
3162,Jennette Georgi
3163,Willamina Shah
3164,Tersina Virendra
3165,Cherri Faux
3166,Velma Mathur
3167,Sindee Oona
3168,Elva Edlyn
3169,Marge Richma
3170,Elissa Saleme
3171,Meggi Claybourne
3172,Leone Culhert
3173,Rina Chemar
3174,Eulalie Canty
3175,Micaela Eba
3176,Brittni Fleck
3177,Nessa Peace
3178,Daniella Ledah
3179,Christye Wendt
3180,Aggi Rey
3181,Renae Aretina
3182,Mala Killion
3183,Alvira Kiri
3184,Almira Curtis
3185,Ardeen Kelcey
3186,Joella Ivy
3187,Dyann Alta
3188,Channa Nathalie
3189,Nicolle Snook
3190,Deana Mehta
3191,Emmeline Aryn
3192,Barbe Godfry
3193,Lishe Cower
3194,Joana Schilling
3195,Mara Suk
3196,Minnnie Maure
3197,Meggie Bakerman
3198,Lora Glantz
3199,Tove Horsey
3200,Lisbeth Supple
3201,Chere Edlun
3202,Siouxie Merkle
3203,Feodora Shear
3204,Hanni Olnton
3205,Lara Alleyn
3206,Mersey Alistair
3207,Katerina Ralf
3208,Eddi Tolmach
3209,Shayne Thant
3210,Mel Alasteir
3211,Shawn Kemppe
3212,Alana Lingwood
3213,Harlie Herodias
3214,Debera Russel
3215,Heddie Watson
3216,Perl Seda
3217,Chelsea Ogg
3218,Cindie Corin
3219,Mathilde Karilynn
3220,Bella Ellyn
3221,Fifine Ondine
3222,Sydel Samford
3223,Joanna Albric
3224,Joella Cassy
3225,Julianne Denyse
3226,Romola Stamata
3227,Margaret Hosfmann
3228,Therine Chancelor
3229,Pennie Dumm
3230,Zarla Marienthal
3231,Rayshell Pachston
3232,Noellyn Helmut
3233,Con Boy
3234,Rosanna Brandais
3235,Reggie Jeniece
3236,Appolonia Bautista
3237,Cass Dominik
3238,Ethelind Girard
3239,Emelita Sams
3240,Sondra Wash
3241,Antoinette Bridget
3242,Sephira Horbal
3243,Tommie Kary
3244,Brinn Sibby
3245,Anna-Maria Yorgen
3246,Carley Dabbs
3247,Ceciley Horbal
3248,Maxi Romona
3249,Berni Goldin
3250,Malynda Prady
3251,Kass Willi
3252,Gloriane Prisilla
3253,Fanchette Lavine
3254,Danyette Franza
3255,Jorrie Judd
3256,Codie Amsden
3257,Shoshana Albers
3258,Nanette Bautram
3259,Delcine Veneaux
3260,Minni See
3261,Marcia Olli
3262,Uta Wampler
3263,Kathlin Zobkiw
3264,Nerti Bevis
3265,Betteann Gris
3266,Elicia Micah
3267,Kendra Prudy
3268,Rozalie Doak
3269,Rafa Sara
3270,Adey Jary
3271,Alane Post
3272,Ajay Rodman
3273,Aida Wey
3274,Britteny Randy
3275,Wilhelmina Ditter
3276,Denys Ghassan
3277,Leta Nelie
3278,Ileane Canfield
3279,Carmina Atronna
3280,Idalina Clower
3281,Elmira Runck
3282,Carmelita Audri
3283,Keslie Liatrice
3284,Nora Kantor
3285,Roxanne Zane
3286,Joannes Moll
3287,Chandal Sheri
3288,Tiphany McGaw
3289,Sharlene Gimpel
3290,Binny Bac
3291,Linn Seften
3292,Didi Garretson
3293,Rina Dygall
3294,Cody Riccardo
3295,Jessi Perot
3296,Merrily Fredie
3297,Pippy Agnesse
3298,Melloney Gurtner
3299,Rois Katherine
3300,Kassia Cob
3301,Kathryne Breana
3302,Delores Chantalle
3303,Ana Arabella
3304,Olly Bail
3305,Joya Maziar
3306,Caitlin Ralfston
3307,Selina Nerty
3308,Linell Amabil
3309,Meridith Koffman
3310,Orsa Dorena
3311,Matty Marillin
3312,Deidre Richmond
3313,Hetti Cavit
3314,Ynes Ruelu
3315,Tabbi Shult
3316,Ida Weissman
3317,Camel Sukhum
3318,Melessa Durware
3319,Lyndy Un
3320,Dulcine Ransome
3321,Lenette Avruch
3322,Trudy Cummins
3323,Hannah Huberto
3324,Florencia Sabelle
3325,Ferne Bilow
3326,Maxie Henryson
3327,Beulah Gibson
3328,Jourdan Jann
3329,Whitney Om
3330,Vonny Lhary
3331,Ashleigh Hite
3332,Patrizia Antonia
3333,Eleonore Oppen
3334,Kendre Bum
3335,Lydie Zawde
3336,Millicent Ashil
3337,Rayna So
3338,Hope Margaretta
3339,Stacie Nappie
3340,Larissa Ivatts
3341,Chandal Buck
3342,Dalia Westley
3343,Lenna Reeta
3344,Marjy Fiske
3345,Dierdre Gavini
3346,Jolene Lyndy
3347,Linet Falda
3348,Nathalie Adamson
3349,Dolli Williams
3350,Twila Florentia
3351,Carola Brownson
3352,Ambur Ioyal
3353,Nisse Chandal
3354,Giacinta Bernice
3355,Deidre Koal
3356,Adriane Pen
3357,Tasia Derrek
3358,Norry Esra
3359,Georgeta Kristyn
3360,Ninnetta Pegg
3361,Star Rust
3362,Jennette Corder
3363,Bobby Tsan
3364,Alameda Rogovy
3365,Lethia Mohammad
3366,Gleda Viscardi
3367,Kristi Ashjian
3368,Genevra Brote
3369,Annie Primrose
3370,Claudie Hallagan
3371,Darice Stillman
3372,Flore Alisander
3373,Becca Varini
3374,Saudra Erlond
3375,Gabey Floro
3376,Josefa Colby
3377,Bunni Draper
3378,Verna Walrath
3379,Evangelina Conias
3380,Doe Desmund
3381,Livia Foscalina
3382,Celestyn Orrin
3383,Gus Jule
3384,Mari Orvas
3385,Flossy Hertberg
3386,Bethina Chouest
3387,Charleen Goddord
3388,Konstanze Demetrius
3389,Daloris Marylou
3390,Blanca Delanie
3391,Tricia Kuhlman
3392,Magdaia Myo
3393,Clarinda Heimlich
3394,Peg Ellen
3395,Cheryl Ambrogino
3396,Kenna Lucey
3397,Marina Constant
3398,Allix Alburg
3399,Stefanie Gwenora
3400,Erma Kuehnel
3401,Dyan Romilly
3402,Julienne Gilus
3403,Jillian Jevon
3404,Codi Lole
3405,Xylina Whitman
3406,Kati Copland
3407,Janey Kulda
3408,Rozina Maren
3409,Debby Sissel
3410,Lorrayne Oringas
3411,Dulci Seel
3412,Olva Paolina
3413,Laraine Ricketts
3414,Randi Donaugh
3415,Rani Langdon
3416,Nessa Gerson
3417,Ali Charil
3418,Annis Feinberg
3419,Gussy Coral
3420,Rona Southworth
3421,Correna Goraud
3422,Leontine Fenwick
3423,Leoline Souvaine
3424,Rodi Donia
3425,Emalia Tabbie
3426,Maggy Richey
3427,Guillema Ez
3428,Elaina Armond
3429,Liane Irwinn
3430,Stephanie Paley
3431,Micki Alby
3432,Marielle Bevvy
3433,Letty Corinne
3434,Harrietta Marietta
3435,Masha Sergeant
3436,Suzy Schiff
3437,Sidonia Boris
3438,Norrie Hewe
3439,Denise Guimond
3440,Shirlene Waverly
3441,Nert Haletky
3442,Genna Homer
3443,Fern Megargee
3444,Riki Leitao
3445,Augusta Luanni
3446,Agatha Bendite
3447,Dasi Bertilla
3448,Heath Ban
3449,Cyndia Gardell
3450,Tori Leta
3451,Eran Hays
3452,Suzy Stearne
3453,Maryjo Rorry
3454,Joletta Abate
3455,Anne-Marie Dore
3456,Pearl Ferdinand
3457,Esther Hardie
3458,Toma Hawthorn
3459,Lorry Eldorado
3460,Ronalda Schoenburg
3461,Valeda Myrtice
3462,Nadeen Nakashima
3463,Joann Aldis
3464,Constantine Nitin
3465,Fawnia Othilie
3466,Kamila Thaddaus
3467,Peria Matthus
3468,Melania Rus
3469,Micky Matilda
3470,Lillian Cyprian
3471,Joleen Jere
3472,Lilyan Cordy
3473,Veda Beaver
3474,Jacintha Otho
3475,Karil Sweyn
3476,Basia Herzen
3477,Dawna Hannie
3478,Lula Isaac
3479,Sarine Bendix
3480,Cynthea Rotow
3481,Sibelle Boesch
3482,Selia Edmondo
3483,Vivyanne Farly
3484,Emili Winslow
3485,Mame Ehrlich
3486,Alexandrina Balsam
3487,Natala Leora
3488,Ailyn Mackey
3489,Lacee Megdal
3490,Alexis Stevena
3491,Maddie Cini
3492,Daisie Domenico
3493,Regina Hedges
3494,Riannon Feldstein
3495,Sophia Clancy
3496,Neda Bili
3497,Meredithe Cecilla
3498,Roanne Orsola
3499,Kerrie Tanya
3500,Karrie Petigny
3501,Alia Tiffani
3502,Adrea Flam
3503,Ottilie Scherman
3504,Gabbi Evvie
3505,Mirella Worsham
3506,Jemima Foushee
3507,Katheryn Henri
3508,Clovis Giglio
3509,Shayne Polk
3510,Letty Cath
3511,Koralle Schach
3512,Vilhelmina Airlie
3513,Meaghan Arnaud
3514,Ernestine Ngo
3515,Cayla Kissee
3516,Yasmin Karlotte
3517,Dannye Osei
3518,Maureene Stolzer
3519,Harriot Octavia
3520,Rosanne Lynett
3521,Paulina Amalia
3522,Starr Fechter
3523,Kerrin Nadabas
3524,Oralla Pickard
3525,Tamiko Georgia
3526,Anjanette Noelani
3527,Norine Brindle
3528,Sherilyn Flavio
3529,Carlina Kristi
3530,Darb Dita
3531,Tonie Payson
3532,Allene Aklog
3533,Sandi Salim
3534,Morgan Mossman
3535,Retha Tiena
3536,Tana Sunderland
3537,Adrienne Gawen
3538,Krystal Grimaldi
3539,Katleen Jeno
3540,Gussi Sidonie
3541,Amandi Belford
3542,Jessamine Galven
3543,Alikee Johnathan
3544,Sissy Landel
3545,Celestyn Carlen
3546,Dela Benedikta
3547,Camala Libbey
3548,Ilse Adnah
3549,Mufi Muns
3550,Elwira Bloomer
3551,Bonita Matheson
3552,Iolanthe Nixie
3553,Cati Pirbhai
3554,Ronica Ambrosius
3555,Petrina Seavey
3556,Janith Edie
3557,Sella Ludewig
3558,Lissa Aelber
3559,Bliss Alissa
3560,Codi Anil
3561,Nissie Ardin
3562,Mala Landre
3563,Betsy Encrata
3564,Gilli Johathan
3565,Nelli Mable
3566,Fiorenze Walrath
3567,Roseline Elberta
3568,Ree Crespo
3569,Deedee Ressler
3570,Penelope Kevan
3571,Dix Beth
3572,Laurena Bobbee
3573,Maryjo Belden
3574,Mureil Ikkela
3575,Nicolle Addi
3576,Elfie Hoo
3577,Moreen Viviane
3578,Rebe Fredette
3579,Linell Waiter
3580,Eadith Marcie
3581,Ealasaid Pentha
3582,Sascha Buell
3583,Candie Ran
3584,Catharine Wainwright
3585,Averil Peery
3586,Tarah March
3587,Annecorinne Mikal
3588,Erminia Meadows
3589,Dot Elburr
3590,Agatha Adrianna
3591,Ddene Rosmunda
3592,Eugenia Marron
3593,Lois Wilsey
3594,Mable Ultima
3595,Liva Anastice
3596,Carolin Sidoney
3597,Glenda Mindi
3598,Lottie Amend
3599,Ddene Haymes
3600,Augustine Thadeus
3601,Electra Magocsi
3602,Lea Brittany
3603,Aprilette Karlise
3604,Marta Bron
3605,Auria Kado
3606,Cassaundra Konikow
3607,Bridgette Kaitlin
3608,Jourdan Gilbertina
3609,Deanna Deegan
3610,Eolanda Clemmie
3611,Shelagh Baer
3612,Amberly Hermy
3613,Charlotte Rentsch
3614,Debee Taggart
3615,Jacquelynn Weidman
3616,Natala Bearce
3617,Honoria Borlow
3618,Karin Lusty
3619,Toinette Welton
3620,Jami Kersten
3621,Marilin Charters
3622,Paulita Arathorn
3623,Tobye Cynthea
3624,Freddi Daria
3625,Marline Juditha
3626,Hallie Filler
3627,Julieta Ludlow
3628,Olivie Garnette
3629,Brandi Corny
3630,Michel Buchbinder
3631,Gwenora Gerta
3632,Rosanna Lila
3633,Marguerite Carri
3634,Melisa Otho
3635,Petunia Serra
3636,Dennie Dyane
3637,Marina Maxine
3638,Kerrill Elsworth
3639,Lydie Roosevelt
3640,Farrand Adam
3641,Arielle Naarah
3642,Halli Selig
3643,Dawn Hoppe
3644,Helga Lindy
3645,Sophia Sholes
3646,Fanechka Rico
3647,Harley Sezen
3648,Lavena Cindy
3649,Sharyl Orton
3650,Ruby Veator
3651,Hannah Gayler
3652,Britney Linnell
3653,Gavra Ddene
3654,Charleen Margarette
3655,Winne Barnie
3656,Wenona Boudreaux
3657,Alis Bullock
3658,Benedicta Emersen
3659,Jewel Alf
3660,Gerry Torras
3661,Codi Rosane
3662,Brandie Genet
3663,Catherine Allanson
3664,Allyce Lowson
3665,Almira Blayne
3666,Sherry Drandell
3667,Dorothee Kosse
3668,Melania Northrup
3669,Flo Alroy
3670,Devon Thevenot
3671,Geri Esmerolda
3672,Angela Jentoft
3673,Joelly Meter
3674,Caroljean Hartill
3675,Stephani Natale
3676,Kevina Carrissa
3677,Megan Sawyer
3678,Tamqrah Brunk
3679,Elnore Tallia
3680,Gena Cathe
3681,Issie Joellen
3682,Blondie Shear
3683,Evvy Haggerty
3684,Blanca Audres
3685,Martie Bogosian
3686,Sybyl Allianora
3687,Jolyn Joycelin
3688,Christin Gyimah
3689,Gweneth Kelleher
3690,Kordula Adalai
3691,Clio Nahshon
3692,Tatum Dominic
3693,Elianora Noyes
3694,Gael Crooks
3695,Ava Anna
3696,Lizzy Damien
3697,Harriette Conlon
3698,Erma Lazarus
3699,Olive Gonzalez
3700,Johnna Joey
3701,Lindsy Madel
3702,Mala Mihe
3703,Lanie Hylan
3704,Channa Creigh
3705,Madelle Zoie
3706,Zaneta Lamoree
3707,Katleen Alisander
3708,Kate Pansie
3709,Tina Tracy
3710,Madelin Clarice
3711,Kaela Linzy
3712,Lolly Jenilee
3713,Moll Dabbs
3714,Lyndy Leiser
3715,Joleen Veronica
3716,Chelsie Edette
3717,Nicky Amand
3718,Elfreda Stempson
3719,Barbie Burnham
3720,Kaja Othilia
3721,Charity Arlynne
3722,Sydel Woodhouse
3723,Nathalia Grodin
3724,Cynthy Donoho
3725,Brande Ramey
3726,Glyn Levison
3727,Katharina Cornall
3728,Dosi Gamin
3729,Nada Bolitho
3730,Jo Ann Ilona
3731,Dido Nancy
3732,Lissy Maighdiln
3733,Coralie Garlanda
3734,Esther Haugen
3735,Louisa Bradstreet
3736,Nan Agueda
3737,Tandie Kaete
3738,Kirbie Borreri
3739,Corene Cohberg
3740,Susy Lucias
3741,Kristina Lucinda
3742,Lia Pietro
3743,Rosalinda Kellyn
3744,Kristien Seed
3745,Sandy Roslyn
3746,Odele Kramer
3747,Chelsae Haney
3748,Caressa Billi
3749,Milli Mycah
3750,Erica Mehalek
3751,Chantalle Dowski
3752,Hermia Harts
3753,Janeen Delwin
3754,Leodora Lail
3755,Pamella Grimona
3756,Neille Hobard
3757,Anthea Kashden
3758,Bili Nihi
3759,Angelle Derr
3760,Anestassia Halette
3761,Viv Wang
3762,Tina Krystal
3763,Kimmie Wind
3764,Dotti Kinson
3765,Twyla Stephania
3766,Layney Buchbinder
3767,Bekki Stig
3768,Margalit Publias
3769,Jaquelyn Chelton
3770,Noelle Jenda
3771,Jamie Tosch
3772,Katrina Marx
3773,Dot Fenella
3774,Cybill Garibald
3775,Reine Kaule
3776,Alia Lemuel
3777,Lilli Quintessa
3778,Darlleen Cima
3779,Zulema Primrosa
3780,Rory Nashoma
3781,Roxane Cottrell
3782,Olivette Phia
3783,Lela Peonir
3784,Prisca Henriette
3785,Kirsteni Tavy
3786,Fanny Tufts
3787,Janifer Kier
3788,Daffy Marijane
3789,Hermine Bollen
3790,Ariana Kaufman
3791,Sibella Yoho
3792,Gianna Adair
3793,Costanza Maudie
3794,Marna Nordine
3795,Roseanne Zobkiw
3796,Brigida Larimer
3797,Euphemia Donoghue
3798,Carlota Viridi
3799,Tybie Baldridge
3800,Anissa Heady
3801,Laina Obeded
3802,Cordy Haig
3803,Lesya Warford
3804,Paulette Harriette
3805,Peg Latoya
3806,Phillie Lieberman
3807,Melany Tamar
3808,Audre Lightman
3809,Marianne Sapienza
3810,Kit Corney
3811,Ceciley Javler
3812,Lesley Tearle
3813,Shayla Deck
3814,Nani Gemma
3815,Heida Cornish
3816,Dinnie Vinni
3817,Anthia Viddah
3818,Rey MacDonald
3819,Coral Brackett
3820,Rora Lachman
3821,Chrystal Funk
3822,Laina Adham
3823,Shawnee Ruelle
3824,Joela Goodkin
3825,Leena Tripp
3826,Natka Migeon
3827,Alfie Bartholomew
3828,Lexis Hullda
3829,Trixie Coretta
3830,Tiffy Joe
3831,Niki Miki
3832,Tony Verdha
3833,Nanice Jeremy
3834,Karlyn Sartin
3835,Jaquelin Mame
3836,Tarah Cobb
3837,Elizabet Langham
3838,Cheryl Palmore
3839,Pier Babby
3840,Andie Handal
3841,Mira Phyllis
3842,Estrella Yam
3843,Oralla Sachsse
3844,Bobina Hartzke
3845,Joyann Li
3846,Berri Leventis
3847,Bibbie Fredel
3848,Marianna Tiernan
3849,Siouxie Burris
3850,Maurita Alisha
3851,Diane-Marie Iow
3852,Audie Presber
3853,Vinni Phares
3854,Essy Cordie
3855,Tiena Adama
3856,Bobbye Best
3857,Danielle Bamby
3858,Saidee Magdala
3859,Bernardine Raffaello
3860,Bab Hurst
3861,Augustina Ferd
3862,Marni Adlare
3863,Lurline Sundstrom
3864,Karoline Bindman
3865,Oralla Deborath
3866,Lanae Stevena
3867,Lina Hunsinger
3868,Glyn Beebe
3869,Dniren Swanson
3870,Ashleigh Louth
3871,Darell Allsun
3872,Ashli Senskell
3873,Linette Dryfoos
3874,Joli Hebbe
3875,Paolina Marion
3876,Audry Tommi
3877,Masha Sidonie
3878,Keriann Cath
3879,Latrina Epner
3880,Bree Close
3881,Peggy Fielding
3882,Jill Corbie
3883,Debra Adriana
3884,Shaina Lourie
3885,Chad Iva
3886,Jaclyn Duggan
3887,Dalila Ontina
3888,Jolyn Valli
3889,Vivianne Pace
3890,Annaliese Valene
3891,Oralla Letreece
3892,Starlene Willabella
3893,Jodee Tilda
3894,Carina Clotilda
3895,Sandye Tavi
3896,Issy Aldus
3897,Nola Seto
3898,Nonna Katz
3899,Sula Susie
3900,Rosalia Corwin
3901,Rhody Docila
3902,Edin Jelks
3903,Hilary Robbie
3904,Trudie Ianteen
3905,Tobey Iila
3906,Melodee Libna
3907,Brittni Meier
3908,Selestina Schilt
3909,Fred Vona
3910,Kerry Walls
3911,Annmarie Jaunita
3912,Farrand Ling
3913,Pauly Venn
3914,Shell Robbins
3915,Seka Maxine
3916,Brook Maice
3917,Dasya Zenger
3918,Lynnet Latreece
3919,Maribelle Zelda
3920,Jackie Philipines
3921,Edythe Vania
3922,Winonah Nathanson
3923,Antonia Hurlbut
3924,Christine Wailoo
3925,Lynsey Siblee
3926,Laverna Wier
3927,Adey Wooster
3928,Kaycee Rauch
3929,Valencia Almita
3930,Prue Hendren
3931,Katharine Sophy
3932,Winnah Donella
3933,Bianka Hawley
3934,Lianne Crabb
3935,Sofie Kablesh
3936,Pauletta Belvia
3937,Jackelyn Vaughn
3938,Celia Meggi
3939,Gerty Negris
3940,Gene Zela
3941,Edy Gaylord
3942,Saree Esther
3943,Elsi Phonsa
3944,Iolande Dace
3945,Gerty Heddy
3946,Candice Ulla
3947,Brittni Clifton
3948,Cathyleen Ro
3949,Luz Veal
3950,Shellie Maryrose
3951,Reta Slavic
3952,Peta Liggett
3953,Courtenay Fionnula
3954,Karissa Reisman
3955,Mela Severin
3956,Carla Bekelja
3957,Sam Jammal
3958,Harri Antoine
3959,Nesta Shanleigh
3960,Carroll Matronna
3961,Cherri Gilges
3962,Dianemarie Spevek
3963,Rosene Marsden
3964,Fidelity Lynn
3965,Nicoli Dituri
3966,Harmonia Davidde
3967,Briny Morena
3968,Brandais Wurster
3969,Zarah Evette
3970,Karlyn Hilbert
3971,Brittani Vogel
3972,Harmony Chrisoula
3973,Stepha Rust
3974,Keslie Gareri
3975,Karly Widera
3976,Darelle Cos
3977,Toby Tamaru
3978,Reeva Jeffries
3979,Kissiah Nichol
3980,Ofelia Emmaline
3981,Denny Zimmer
3982,Minda Rebe
3983,Elsinore Olethea
3984,Carlita Audrit
3985,Charity Wendalyn
3986,Debee Rumpf
3987,Phillida Abbotsen
3988,Beryl Leund
3989,Bridie Omer
3990,Magdaia Chas
3991,Adoree Ellora
3992,Orel Erlewine
3993,Eolande Killoran
3994,Lurline Alinna
3995,Melli Pontus
3996,Joella Heady
3997,Astra Castra
3998,Allianora Fabrianne
3999,Charisse Kylah
4000,Melly Myrwyn
4001,Blinnie Raycher
4002,Delila Drus
4003,Gilbertina Kentiga
4004,Jemima Sailesh
4005,Noemi Vano
4006,Daffie Towroy
4007,Kailey Gasperoni
4008,Veronica Marucci
4009,Kizzie Lyons
4010,Mahala Frick
4011,Lucretia Furmark
4012,Renie Medovich
4013,Rosaleen Danuloff
4014,Netti Harlen
4015,Cherri Hadwyn
4016,Shir Chastity
4017,Carmelita Sanjiv
4018,Cristionna Severson
4019,Ardene Joo
4020,Trudey Philpot
4021,Lian Karylin
4022,Madel Bakerman
4023,Steffane Aubrie
4024,Chickie Cormick
4025,Jori Aurore
4026,Brett Anitra
4027,Delinda Vasilis
4028,Roberta Alves
4029,Alisa Darian
4030,Lissy Torres
4031,Wendye Edgerton
4032,Anetta Naamann
4033,Iseabal Barbuto
4034,Ardyth Jacinto
4035,Jannelle Leftwich
4036,Gabie Eb
4037,Eran Domingo
4038,Breanne Loos
4039,Alia Welker
4040,Whitney Lupien
4041,Stella Xavier
4042,Charis Hardin
4043,Cosetta Kiran
4044,Martelle Uyekawa
4045,Phyllys Dicky
4046,Candra Lorien
4047,Carolee Fairlie
4048,Quintana Ettie
4049,Teriann Epner
4050,Sonnie Nicholle
4051,Keely Neddy
4052,Opalina Lisbeth
4053,Teressa Miguela
4054,Laetitia Mayes
4055,Ami Judye
4056,Kat Sherwynd
4057,Junina Gefen
4058,Meridith Richmound
4059,Rivi Waers
4060,Shani Studner
4061,Susannah Clarabelle
4062,Inger Brie
4063,Cherida Kristoffer
4064,Dorry Tipton
4065,Florette Kline
4066,Tawnya Kikelia
4067,Dyanna Cowan
4068,Jenny Adoree
4069,Filide Kenrick
4070,Kassandra Lenore
4071,Dorry Vowel
4072,Starlene Gerkman
4073,Sharla Nataniel
4074,Morgana Suter
4075,Sibylla Niobe
4076,Chelsae Poppy
4077,Gusti Amice
4078,Kaela Cynar
4079,Alyson Haim
4080,Fifine Jewelle
4081,Kathlin Lashonde
4082,Jolie Payton
4083,Martita Dorisa
4084,Randi Chenay
4085,Doti Davey
4086,Jemimah Reel
4087,Pooh Tanah
4088,Renae Radu
4089,Benetta Daile
4090,Petunia Allrud
4091,Godiva Irisa
4092,Brietta Ormsby
4093,Andria Klina
4094,Deonne Flo
4095,Pru Freed
4096,Delcine Milinda
4097,Anatola Kenwee
4098,Olive Minta
4099,Virginie Holub
4100,Andy Burris
4101,Maggee Toney
4102,Glenda Helge
4103,Glenda Berget
4104,Calla Oscar
4105,Margret Brechtel
4106,Dniren Heall
4107,Fleur Esmond
4108,Sunshine Jarrod
4109,Martynne Aldredge
4110,Bethany Corey
4111,Lavinie Minerva
4112,Felice Scholz
4113,Carol Brody
4114,Orsa Caleb
4115,Bessie Zubkoff
4116,Gabrielle Clyte
4117,Juliette Gebhardt
4118,Jaime Keil
4119,Dorothea Jenne
4120,Almeta Skipton
4121,Shaylah Geilich
4122,Olympe Merlin
4123,Cairistiona Schaefer
4124,Auguste Kathryn
4125,Bernadina Cathlene
4126,Brinn Faus
4127,Lena Ahmad
4128,Leandra Esbensen
4129,Lane Zorine
4130,Cynthie Cozmo
4131,Ivie Lingwood
4132,Vannie Letreece
4133,Jeannette Burty
4134,Kellsie Medora
4135,Nariko Panchito
4136,Vonny Camus
4137,Tana Reinald
4138,Etheline Bertolde
4139,Fay Meaghan
4140,Arabelle Armillda
4141,Darryl Coridon
4142,Dorise Sorenson
4143,Tara Elmina
4144,Avis Fennie
4145,Reena Nikolai
4146,Alysia Vivianne
4147,Lise TEirtza
4148,Betsy Krum
4149,Deeanne Carlock
4150,Myrah Coheman
4151,Joni Torie
4152,Truda Beaumont
4153,Laura Rafter
4154,Jeni Dagmar
4155,Jorie Leith
4156,Michel Pettiford
4157,Abra Belinda
4158,Sherye Thibaut
4159,Shandeigh Thessa
4160,Karlotte Tibold
4161,Petronella Narra
4162,Elladine Desiri
4163,Trish Cindi
4164,Natassia Kelwin
4165,Imelda Linnell
4166,Cissiee Louanne
4167,Ingrid Ruthi
4168,Pollyanna Treharne
4169,Cherise Weldon
4170,Ninnette Ivan
4171,Dannye Mushro
4172,Jane Prober
4173,Debera Bibby
4174,Beatriz Zweig
4175,Melinda Beebe
4176,Lauri Marni
4177,Dulcea Incrocci
4178,Angy Evander
4179,Sadye Belmonte
4180,Patrizia Arlan
4181,Grata Huston
4182,Collen Kylstra
4183,Goldarina Doro
4184,Moira Deedee
4185,Ophelie Cadal
4186,Babs Isidro
4187,Estell Spenser
4188,Kirstin Armillda
4189,Darcee Lala
4190,Leann Giustino
4191,Valentine Babb
4192,Ingaberg Canon
4193,Stevana Rutledge
4194,Anderea Pincas
4195,Colline Hazelton
4196,Sam Markman
4197,Kai Grube
4198,Shay Herzig
4199,Gussi Fabrice
4200,Serena Jerz
4201,Hallie Starinsky
4202,Peg Galina
4203,Katee Duvall
4204,Rochell Eberly
4205,Tatiana Sanfo
4206,Anet Schlesinger
4207,Nita Solberg
4208,Sheeree Bartholemy
4209,Natalya Hardej
4210,Emmy Deana
4211,Lianne Innis
4212,Althea Perri
4213,Caresa Hyman
4214,Elka Hultin
4215,Raf Bradeord
4216,Nataline Tenn
4217,Vernice Melleta
4218,Cassandre Belle
4219,Lanni Milda
4220,Louisa Kaitlyn
4221,Darci Maura
4222,Eleen Aker
4223,Melisa Sethrida
4224,Cammie Valenta
4225,Elane Intisar
4226,Myrtle Turoff
4227,Marcelle Bailey
4228,Damita Ally
4229,Kristina Platt
4230,Cherey Becket
4231,Cheryl Eberle
4232,Kirsteni Mordy
4233,Shana Er
4234,Agnese Neumeyer
4235,Daloris Swarts
4236,Betteann Amoritta
4237,Carolin Jardena
4238,Josefa Loveridge
4239,Sephira Feriga
4240,Kamila Duky
4241,Gerti Lozar
4242,Rhetta Vona
4243,Rakel Elvia
4244,Manon Koenig
4245,Violette Duhl
4246,Elisa Nate
4247,Maye Adele
4248,Birgitta Mathis
4249,Kirsten Cohligan
4250,Joyan Hansen
4251,Anthea Seem
4252,Ivy Meurer
4253,Almeda Pamelina
4254,Janaye Mathia
4255,Mabelle Kamat
4256,Elyssa Hassin
4257,Jacquelynn Aric
4258,Sonja Ruff
4259,Wilow Odyssey
4260,Katherina Taka
4261,Shana Vincentia
4262,Jami Wenger
4263,Benedicta Pitarys
4264,Nettle Cassell
4265,Trina Renaud
4266,Bell Cohbath
4267,Iris Gerfen
4268,Ynes Kuebbing
4269,Linnea Pennebaker
4270,Gert Vivi
4271,Marga Vial
4272,Gypsy Merton
4273,Dominica Turley
4274,Jessamyn Katlaps
4275,Dorise Healey
4276,Roslyn Pryce
4277,Melisandra Savior
4278,Nannie Ulland
4279,Arline Korrie
4280,Torie Criswell
4281,Lorita Hickey
4282,Margaret Noach
4283,Charleen Darwen
4284,Josselyn Jonny
4285,Vanni Melvina
4286,Arda Serica
4287,Stace Tecu
4288,Ana Jerome
4289,Rachel Langelo
4290,Lorraine Berghoff
4291,Hilary Phina
4292,Masha Favien
4293,Thomasina Abagail
4294,Karolina Herald
4295,Joann Jedidiah
4296,Stefania Sorkin
4297,Tami Budge
4298,Jesse Hasen
4299,Laurie Cochard
4300,Lucky Enrique
4301,Lise Pellet
4302,Wallis Pandolfi
4303,Zarah Powe
4304,Jessika Maryjo
4305,Iseabal Barrington
4306,Oneida Pace
4307,Karil Clardy
4308,Jayme Lenhart
4309,Ottilie Mellette
4310,Geri Junette
4311,Angil Portwin
4312,Vonny Estis
4313,Deborah Thesda
4314,Maryjane Peoples
4315,Bridie Johannah
4316,Adey Lifton
4317,Jorrie Dinnie
4318,Betta Kumagai
4319,Brenda Evvy
4320,Aurore DuBois
4321,Deni Paulita
4322,Valry Percival
4323,Frederica Peder
4324,Jana Cutlor
4325,Marleah Harbison
4326,Saree Millburn
4327,Malorie Felise
4328,Latisha Siloum
4329,Darleen Hogen
4330,Tonia Logan
4331,Gaynor Odom
4332,Alfy Conte
4333,Ludovika LeMay
4334,Lou Tobey
4335,Happy Rox
4336,Cassey Balsam
4337,Anastassia Lutero
4338,Bernetta Arst
4339,Melicent Nobie
4340,Dory Chapa
4341,Christen Gothar
4342,Guillema Genni
4343,Manya Garik
4344,Gerri Rafaelle
4345,Rebekah Heiskell
4346,Brett Luehrmann
4347,Farrand Myrtice
4348,Susann Daryle
4349,Dianna Linn
4350,Ailsun Stanford
4351,Ulrica Child
4352,Dominique Patrice
4353,Felicdad Nomi
4354,Dayle Tanah
4355,Missy Yarvis
4356,Hope Hasheem
4357,Ailey Corel
4358,Felicle Turmel
4359,Liana Olga
4360,Babara Gianna
4361,Annmarie Sugihara
4362,Cody Kano
4363,Roanna Farny
4364,Andee Jammie
4365,Kori O'Neill
4366,Verene Zaria
4367,Jessy Sanalda
4368,Ashlee Belden
4369,Adrienne Corrina
4370,Dianemarie Capp
4371,Susy Kalie
4372,Kaye Beare
4373,Idette Formica
4374,Conny Hanfurd
4375,Evangelia Stagg
4376,Gavrielle Earlene
4377,Gnni Lamarre
4378,Marylee Elah
4379,Carolyne Violette
4380,Noel Crespi
4381,Daveta Goldsmith
4382,Jacklyn Bakerman
4383,Sherline Aspasia
4384,Zandra Levania
4385,Thalia Grayson
4386,Doro Jennilee
4387,Maddalena Hogue
4388,Malorie Mavis
4389,Eugenie Kemme
4390,Nan Watkin
4391,Orel Wincer
4392,Ninon Shea
4393,Rhody Amarette
4394,Danette Gaige
4395,Corrinne Turk
4396,Tiertza Murray
4397,Lura Muraida
4398,Dareen Hayes
4399,Charmian Alwin
4400,Pierette Shelley
4401,Chrissy Zoara
4402,Shari Adna
4403,Delphinia Siloam
4404,Reyna Emmalynne
4405,Pauli Keyte
4406,Desdemona Magee
4407,Star Bonis
4408,Robinia Hullda
4409,Benedikta Umberto
4410,Annadiane Tessa
4411,Frannie Florida
4412,Arlen Happy
4413,Margit Santana
4414,Mignonne Manvell
4415,Dulciana Hagan
4416,Georgena Ailina
4417,Doralyn Denten
4418,Codie Ardelis
4419,Caril Storz
4420,Xenia Pardner
4421,Aubry Coy
4422,Cherice Fernyak
4423,Rivalee Lhary
4424,Faustina Vaughn
4425,Paulita Querida
4426,Caresa Jose
4427,Leigh Hiroshi
4428,Iolanthe Markman
4429,Suzi Joceline
4430,Christy Brote
4431,Gracia Graces
4432,Lorianna Erl
4433,Desiree Alyda
4434,Cordey Gordie
4435,Leoline Billmyre
4436,Carlotta Stargell
4437,Maurizia Steinway
4438,Viki Edrei
4439,Leesa Viridissa
4440,Benita Edmond
4441,Adrian Rafferty
4442,Kassandra Baggett
4443,Giacinta Marchall
4444,Whitney Laughry
4445,Dinnie Targett
4446,Noella Marie-Ann
4447,Randene Center
4448,Noellyn An
4449,Amity Bunny
4450,Barbie Gildas
4451,Selene Jonathan
4452,Morganne Mordecai
4453,Isobel Ashlan
4454,Sibel Natalya
4455,Karole Jerusalem
4456,Lorne Dewhurst
4457,Idalina Alyssa
4458,Wandie Dulsea
4459,Sigrid Bolanger
4460,Marcelline Seiden
4461,Mareah Gusti
4462,Kipp Kauslick
4463,Orelie Nepean
4464,Feliza Willamina
4465,Kathleen Bakki
4466,Elvina Cerveny
4467,Debbi Pomcroy
4468,Dari Corrianne
4469,Kassie Faustine
4470,Nicoline Smail
4471,Georgiana Pradeep
4472,Linnie Christoforo
4473,Margette Stavros
4474,Abbey Atalie
4475,Emmie Auroora
4476,Erena Hallette
4477,Andrea Pond
4478,Hermine Albertine
4479,Shaylynn Jsandye
4480,Charleen Elinor
4481,Sari Ramsey
4482,Marja Lambert
4483,Christy Shakti
4484,Koralle Peadar
4485,Rachel Rai
4486,Gerhardine Whitehouse
4487,Raven Oshinski
4488,Lyndsay Howland
4489,Bidget Natasha
4490,Maible Behl
4491,Marika Niel
4492,Abbi Mortie
4493,Thea Walther
4494,Tammie Leonsis
4495,Gretna Croom
4496,Vita Ogilvie
4497,Maggee Ridglee
4498,Renell Euphemiah
4499,Aili Emeric
4500,Jordana Bores
4501,Florina Sondra
4502,Carlynne Dion
4503,Inez Birdt
4504,Kit Jentoft
4505,Jillane Shannan
4506,Babs Fujio
4507,Lauryn Jamille
4508,Carlene Albur
4509,Lillis Selig
4510,Johanna Gabbert
4511,Marsha Kela
4512,Remy Friedlander
4513,Pearla Gilli
4514,Vinni Inessa
4515,Tanitansy Jacie
4516,Marissa Immanuel
4517,Bonni Artemas
4518,Nesta Woolley
4519,Marline Uriah
4520,Elyssa Lavinie
4521,Michelina Aarika
4522,Grete Winslow
4523,Odele Druce
4524,Edith Bowlds
4525,Janina Roxanna
4526,Roobbie Zebadiah
4527,Fayth Ansley
4528,Hildagard Annis
4529,Ranice Jessee
4530,Mehetabel Dottie
4531,Rosetta Pylle
4532,Lea Cyrille
4533,Gwenette Swihart
4534,Flora Kornher
4535,Dagmar Dinsdale
4536,Raf Moncear
4537,Malinde Donna
4538,Brunhilda Naoma
4539,Ashia Walrath
4540,Cicely Nicoli
4541,Karla Zosema
4542,Perry Stander
4543,Paula Remmer
4544,Karylin Thomas
4545,Dorine Ilona
4546,Ardyth Dianemarie
4547,Horatia Bottali
4548,Cecilia Stimson
4549,Charmain Hakeem
4550,Vikky Elexa
4551,Muire Iila
4552,Bobby Marabel
4553,Mathilde Arlene
4554,Cathrine Bee
4555,Rhodia Hermione
4556,Florida Val
4557,Althea Lilybelle
4558,Henrietta Feledy
4559,Nerissa Voorhis
4560,Lezlie Griffith
4561,Berry Cooper
4562,Melina Veta
4563,Olga Eiger
4564,Honor Shirk
4565,Daisy Kessler
4566,Avie Obe
4567,Natka Margi
4568,Merola Leavelle
4569,Lorianna Gefen
4570,Valry Willing
4571,Joana Kayle
4572,Etta Michelsen
4573,Jemmy Hagen
4574,Zorah Woods
4575,Michelle Earla
4576,Therese Ocker
4577,Margaretha Menedez
4578,Ailsun Enos
4579,Dreddy Pacian
4580,Marylinda Lundell
4581,Karena Lauretta
4582,Bridie Apps
4583,Malia Van
4584,Leanora Baese
4585,Harriot Also
4586,Fayre Verda
4587,Lenore Balch
4588,Bathsheba Leede
4589,Lynsey Beitris
4590,Noreen Weissberg
4591,Emmalee Ozzy
4592,Morganica Phiona
4593,Jillian Adhern
4594,Julienne Mir
4595,Nicholle Seadon
4596,Layne Mayfield
4597,Opaline Frederiksen
4598,Winni Brina
4599,Mallory Scharaga
4600,Jsandye Diarmid
4601,Justinn Bogie
4602,Issy Dalenna
4603,Lauren Leigha
4604,Joyce Geraud
4605,Allison Janean
4606,Loretta Urias
4607,Addie Vivian
4608,Tommie Clementi
4609,Gaylene Castra
4610,Griselda Annalise
4611,Jorie Lexy
4612,Claudette Humfried
4613,Shayne Kelleher
4614,Bernadina Corvese
4615,Emmaline Arielle
4616,Ilyssa Sibylla
4617,Conny Richela
4618,Barbey Moran
4619,Jillayne Manus
4620,Chelsy Jon
4621,Zena Ealasaid
4622,Sherill Forelli
4623,Essa Gausman
4624,Tate Bronwyn
4625,Melonie Dorise
4626,Francene Kung
4627,Melony Sigler
4628,Roselle Dmitri
4629,Perri Louisette
4630,Linn Arezzini
4631,Darline Blanc
4632,Noel Mide
4633,Ninnetta Blackmun
4634,Mandy Stutzman
4635,Rafaela Dail
4636,Amelie Gard
4637,Anne-Corinne Diena
4638,Cissiee Perice
4639,Lisha Bryana
4640,Katusha Fechter
4641,Ameline Melmon
4642,Moina Indira
4643,Dominica Floris
4644,Ivie Henni
4645,Willa Yvor
4646,Sybila Maltzman
4647,Wendye Adna
4648,Selia Rosina
4649,Jere Poree
4650,Cecelia Ultun
4651,Idette Hephzipah
4652,Addia Laius
4653,Karoly Malkah
4654,Halette Froehlich
4655,Carlie Cammi
4656,Abbey Gilly
4657,Cara Soelch
4658,Susy Touber
4659,Jeralee Hutner
4660,Clary Monie
4661,Carola Ferdie
4662,Wilone Odell
4663,Alyss Antonietta
4664,Fifi Richia
4665,Ede Thurstan
4666,Taffy Wayolle
4667,Adelaide Kahlil
4668,Amity Rhiamon
4669,Karalee Hayes
4670,Trixy Brandise
4671,Augustine Platas
4672,Saloma Sarita
4673,Jacklyn Elaina
4674,Julee Malony
4675,Beckie Kirch
4676,Willie Baryram
4677,Vivianne Hettie
4678,Tawnya Pelag
4679,Clementina Melgar
4680,Maddy Neoma
4681,Lynne Felisha
4682,Jacquette Vladimar
4683,Juanita Robyn
4684,Sari Palla
4685,Bibby Idolah
4686,Chiarra Cob
4687,Rory Jeramey
4688,Judith Jorrie
4689,Georgeanna Jammie
4690,Anett Vogele
4691,Marcelline Rombert
4692,Yetty Dominick
4693,Suellen Emmer
4694,Rafaela Sharline
4695,Sheena Jeconiah
4696,Nadeen Richmound
4697,Kimmy Whelan
4698,Anne-Corinne Bremen
4699,Harmony Trudi
4700,Hazel Karyn
4701,Veronika Tommie
4702,Elsa Nakada
4703,Merna Willett
4704,Nertie Knight
4705,Druci Ellis
4706,Celisse Meeks
4707,Katha Burkitt
4708,Tonye Orwin
4709,Caro Kilbride
4710,Roseanna Billen
4711,Lilyan Helmut
4712,Harrie Gusella
4713,Emilie Shlomo
4714,Jaquith Cchaddie
4715,Debera Neall
4716,Kath Herrle
4717,Raven Eberto
4718,Philippine Malena
4719,Lissa Engedus
4720,Pauli McRipley
4721,Carolann Brag
4722,Ranna Hammad
4723,Dallas Vevay
4724,Winnah Grissel
4725,Xylia Pearse
4726,Emelyne Fidellia
4727,Alisun Cyrie
4728,Vanya Perloff
4729,Krissie Tutt
4730,Elena Craw
4731,Ede Rosemarie
4732,Dorree Manson
4733,Ronda Cannon
4734,Kristan Shae
4735,Tate Martel
4736,Erina Elisee
4737,Pavla Buddy
4738,Nara Cliff
4739,Deanne Beaufort
4740,Lena Loats
4741,Anneliese Schapira
4742,Carolynn O'Mahony
4743,Kristyn Clerk
4744,Hilliary Kreit
4745,Alvinia Santana
4746,Krystyna Vite
4747,Darb Ot
4748,Collette Sibie
4749,Antoinette Lotson
4750,Ella Shirberg
4751,Nanon Grimonia
4752,Noelyn Henricks
4753,Jeanelle Mur
4754,Talyah Wardieu
4755,Terrie Renado
4756,Chastity Wey
4757,Viv Aldin
4758,Penny Chun
4759,Claresta Isherwood
4760,Marjie Crichton
4761,Cecil Palma
4762,Malvina Priscilla
4763,Dyan Otte
4764,Zulema Maridel
4765,Mollie Crotty
4766,Cher Penni
4767,Fania Charity
4768,Tommy Dorman
4769,Dyanne Wyndham
4770,Fawn Baskett
4771,Gayleen Kester
4772,Clarine Hanny
4773,Wallis McIntosh
4774,Tilly Dermot
4775,Chiarra Rinna
4776,Verile Diogenes
4777,Hilda Ansell
4778,Tabbatha Marrilee
4779,Bibi Glynn
4780,Jonie Hudgens
4781,Elaine Charbonneau
4782,Hana Dela
4783,Emmalynne Dunson
4784,Eadie Geri
4785,Gina Pengelly
4786,Dell Shama
4787,Enrika Guise
4788,Mellisa Rihana
4789,Olive Romeu
4790,Salaidh Jaella
4791,Myranda Bilbe
4792,Corrinne Beauregard
4793,Melissa Olethea
4794,Gretal Cruce
4795,Gretal Loferski
4796,Jo Ann Lezlie
4797,Lanna Garzon
4798,Melisse Boarer
4799,Feodora Aggri
4800,Lorianna Davie
4801,Terri Cherianne
4802,Adora Jaddan
4803,Daniela Sihon
4804,Valry Romie
4805,Judith Jonathan
4806,Jess Azaleah
4807,Simonne Christabella
4808,Myrilla Nandor
4809,Fayette Jammin
4810,Aviva Radcliffe
4811,Karel Gitlow
4812,Linn Grani
4813,Celinda Trish
4814,Aubrey Denn
4815,Brina Hosea
4816,Trixie Reider
4817,Wynn Rossi
4818,Debee Carr
4819,Erma Syverson
4820,Emelyne Lasser
4821,Josee Durston
4822,Kaleena Scharff
4823,Gilberte Brena
4824,Shanta Josephina
4825,Pepita Curnin
4826,Celka Robinet
4827,Magdalene Ladew
4828,Melisande Noemi
4829,Lorelei Charis
4830,Lanny Patnode
4831,Addy Berkley
4832,Annabel Waine
4833,Caresa Cobb
4834,Tessi Quackenbush
4835,Leah Griffith
4836,Tatiana Giustino
4837,Leesa Chauncey
4838,Antonietta Rudie
4839,Morgana Elisabet
4840,Karyl Fujio
4841,Conni Lizette
4842,Malynda Pearman
4843,Eba Lud
4844,Nixie Ernest
4845,Melinde Meriel
4846,Anestassia Routh
4847,Olympia Rosenberger
4848,Eva Sheryle
4849,Frayda Masterson
4850,Naoma Gretchen
4851,Mae Thecla
4852,Cammy Isleen
4853,Marylou Gasser
4854,Sheilah Mitchell
4855,Isadora Dyson
4856,Kassie Ronnie
4857,Patrizia Irita
4858,Henka Herod
4859,Erica Madian
4860,Hannie Orren
4861,Clare Khalid
4862,Indira Areta
4863,Adrienne Rhoda
4864,Nola Ashil
4865,Jessika Myrle
4866,Sheryl Nehemiah
4867,Ernaline Sine
4868,Kitty Seem
4869,Novelia Masao
4870,Alane Fanchette
4871,Korie Kruter
4872,Rosetta Nikaniki
4873,Dayna Sunderland
4874,Cari Acquah
4875,Collete Chrissie
4876,Galina Apthorp
4877,Joan Charyl
4878,Angelia Ringler
4879,Edi Lightfoot
4880,Stacy Sisak
4881,Katlin Jolenta
4882,Bertina Edwine
4883,Claire Thedric
4884,Glyn Floss
4885,Jandy Brent
4886,Linn Lippold
4887,Ellyn Shore
4888,Cherianne Jefferson
4889,Elisabeth Hallam
4890,Ardith Clarke
4891,Susanna Amend
4892,Terrijo Ocko
4893,Jerrylee Bosson
4894,Kalila Mide
4895,Lynde Quarta
4896,Dredi Tasiana
4897,Krystal Sedgewinn
4898,Cthrine Valora
4899,Viviyan Anuska
4900,Harriott Spada
4901,Jacquenetta Cati
4902,Jorie Fredella
4903,Jolee Elroy
4904,Elonore Gersham
4905,Julina Sothena
4906,Loralee Gault
4907,Dorolisa Adaurd
4908,Audi Rae
4909,Franni Fitting
4910,Melisent Ruy
4911,Dulsea Adamok
4912,Zoe Richel
4913,Kaitlyn Muir
4914,Valaria Teagan
4915,Ree Boyer
4916,Wilone Smalley
4917,Benedicta Rizas
4918,Evania Honey
4919,Hildegarde Hama
4920,Perl Tiphani
4921,Carmelle Corron
4922,Karrah Elana
4923,Emyle Willamina
4924,Kellsie Puduns
4925,Agnella Mouldon
4926,Lynna Phaidra
4927,Imogen Moyna
4928,Livvy Smart
4929,Lidia Bradstreet
4930,Deloria Matheny
4931,Nataline Rundgren
4932,Giovanna Pontone
4933,Kaitlin Nadabas
4934,Eva Jeni
4935,Galina Shannah
4936,Christalle Kiel
4937,Bekki Chessa
4938,Sindee Perron
4939,Jolie Edana
4940,Betteanne Paulo
4941,Suzette Obe
4942,Donia Cheney
4943,Selia Tollman
4944,Clarice Fink
4945,Enrichetta Orelia
4946,Willette Coralie
4947,Sharon Gerhardt
4948,Audrie Giglio
4949,Amitie Harms
4950,Kass Abie
4951,Gusty Krall
4952,Nathalia Phionna
4953,Margie Johnathan
4954,Dorie McMath
4955,Merla Baxy
4956,Elladine Flossi
4957,Lavina Lalise
4958,Clemmie Vidovic
4959,Cristen Pomfret
4960,Deerdre Kayley
4961,Hatty Salas
4962,Cindie Lectra
4963,Lillian Hieronymus
4964,Arlyne Philipps
4965,Clarabelle Rawdin
4966,Row Iormina
4967,Diena Litha
4968,Lark Kahn
4969,Goldina Vito
4970,Gilli Shelman
4971,Lanni Kurys
4972,Elva Peters
4973,Fenelia Davina
4974,Latrina Pickett
4975,Cherye Breban
4976,Hester Rebel
4977,Arabele Rorke
4978,Laural Ratcliffe
4979,Devi Iaverne
4980,Tandi Broder
4981,Golda Magena
4982,Darell Pendleton
4983,Chastity Denby
4984,Hettie Innes
4985,Suzann Morrill
4986,Jess Alta
4987,Van Gadmon
4988,Bebe Joni
4989,Myrtice Hassin
4990,Jacenta Hiller
4991,Rene Crissy
4992,Dion Lucie
4993,Emeline Hearsh
4994,Sosanna Savitt
4995,Perle Carmena
4996,Tammi Garges
4997,Audra Sims
4998,Lydia Janine
4999,Sarena Hughes
